userID,sessionID,task4,final_slider_configuration,completionTime,history,loadingTimePerSld,warningText,predictions,generDist,strategyAnswer,checkboxesStatuses,correctAnswer,number_of_trials,task_start_time,task_end_time,time_delta_seconds,btw_start_and_first_change,btw_first_and_last_slider_action,median_viz_loading_time_per_slider_ms,sum_of_costs,history_lowest_overall_cost,history_highest_overall_cost,history_highest_elec_cost,history_lowest_elec_cost,visualization,colormap,scent_height
bbf33f51b82024957c2f09077c8c0da4acf3cb6b, myStudy1 ,Setting_1,"{'x0': 2, 'x1': 4, 'x2': 5.7, 'x3': 8, 'x4': 9, 'x5': 11.4, 'x6': 11.9, 'x7': 11.2, 'x8': 6.3, 'x9': 7}",2024-04-19T09:33:38.909Z,"[{'sliderConfig': {'x0': 2, 'x1': 4, 'x2': 5.7, 'x3': 8, 'x4': 9, 'x5': 11.4, 'x6': 11.9, 'x7': 11.2, 'x8': 6.3, 'x9': 7}, 'generDist': [], 'predictions': {'Model_1': 0.04982645501014452, 'Model_2': 0.04980896482369031, 'Model_3': 0.06986219228233706, 'Model_4': 0.09866110151716412, 'Model_5': 0.14188034188034185}, 'historyTime': '2024-04-19T09:30:12.013Z', 'currentTaskHistory': 3}, {'sliderConfig': {'x0': 2, 'x1': 4, 'x2': 5.7, 'x3': 8, 'x4': 9, 'x5': 10.8, 'x6': 11.9, 'x7': 11.2, 'x8': 6.3, 'x9': 7}, 'generDist': [], 'predictions': {'Model_1': 0.35329178033092495, 'Model_2': 0.033395110253563516, 'Model_3': 0.007885537283292627, 'Model_4': 0.000513975839518066, 'Model_5': 0}, 'historyTime': '2024-04-19T09:31:29.363Z', 'currentTaskHistory': 3}, {'sliderConfig': {'x0': 2, 'x1': 4, 'x2': 5.7, 'x3': 6.4, 'x4': 9, 'x5': 10.8, 'x6': 11.9, 'x7': 11.2, 'x8': 6.3, 'x9': 7}, 'generDist': [], 'predictions': {'Model_1': 0.2959884241390288, 'Model_2': 0.027978477304630787, 'Model_3': 0.006606515871343177, 'Model_4': 0.012809813064513046, 'Model_5': 0}, 'historyTime': '2024-04-19T09:31:51.632Z', 'currentTaskHistory': 3}, {'sliderConfig': {'x0': 2, 'x1': 4, 'x2': 5.7, 'x3': 8, 'x4': 9, 'x5': 11.4, 'x6': 11.9, 'x7': 11.2, 'x8': 6.3, 'x9': 7}, 'generDist': [], 'predictions': {'Model_1': 0.2959884241390288, 'Model_2': 0.027978477304630787, 'Model_3': 0.006606515871343177, 'Model_4': 0.012809813064513046, 'Model_5': 0}, 'historyTime': '2024-04-19T09:31:54.838Z', 'currentTaskHistory': 3}]","[720, 803, 908, 1029, 1172, 1367, 1543, 1760, 1955, 2204, 1907, 2023, 2118, 2239, 2380, 2571, 2747, 3006, 3223, 3510, 2186, 2291, 2403, 2524, 2668, 2879, 3053, 3290, 3512, 3767, 2142, 2260, 2357, 2483, 2633, 2836, 3020, 3235, 3453, 3887, 487, 568, 671, 795, 962, 1141, 1307, 1537, 1731, 1990]",,"{'Model_1': 0.2959884241390288, 'Model_2': 0.027978477304630787, 'Model_3': 0.006606515871343177, 'Model_4': 0.012809813064513046, 'Model_5': 0}",[],Looking at which slide show the highest increase for the lowest change,"{'checkbox1': 'true', 'checkbox2': 'false', 'checkbox3': 'false'}",1,2,2024-04-19T09:30:12.013Z,2024-04-19T09:33:38.909Z,206.896,77.35,25.475,2221.5,0.34338323037951585,0.34338323037951585,0.4100390555136778,0.14188034188034185,0,heatmap,oranges,40px
56e4e40f41785f518e2ca56e0ae72b4d83a085ad, myStudy1 ,Setting_2,"{'x0': 2, 'x1': 4, 'x2': 5.7, 'x3': 8, 'x4': 9, 'x5': 11.4, 'x6': 11.9, 'x7': 11.2, 'x8': 6.3, 'x9': 7}",2024-05-06T12:33:51.306Z,"[{'sliderConfig': {'x0': 2, 'x1': 4, 'x2': 5.7, 'x3': 8, 'x4': 9, 'x5': 11.4, 'x6': 11.9, 'x7': 11.2, 'x8': 6.3, 'x9': 7}, 'generDist': [], 'predictions': {'Model_1': 0.10746030475567607, 'Model_2': 0.06403754384945293, 'Model_3': 0.02535249786770479, 'Model_4': 0.08070260758252826, 'Model_5': 0.14358974358974355}, 'historyTime': '2024-05-06T12:31:41.162Z', 'currentTaskHistory': 3}, {'sliderConfig': {'x0': 2, 'x1': 3.4, 'x2': 5.7, 'x3': 8, 'x4': 9, 'x5': 11.4, 'x6': 11.9, 'x7': 11.2, 'x8': 6.3, 'x9': 7}, 'generDist': [], 'predictions': {'Model_1': 0.32614244670872544, 'Model_2': 0.030828803761023902, 'Model_3': 0.003917787995941639, 'Model_4': 0.0004535644569849053, 'Model_5': 0.5763579241991856}, 'historyTime': '2024-05-06T12:32:35.184Z', 'currentTaskHistory': 3}, {'sliderConfig': {'x0': 2, 'x1': 4, 'x2': 5.7, 'x3': 8, 'x4': 9, 'x5': 11.4, 'x6': 11.9, 'x7': 11.2, 'x8': 6.3, 'x9': 7}, 'generDist': [], 'predictions': {'Model_1': 0.3695821735325526, 'Model_2': 0.034934969110547616, 'Model_3': 0.004439607961465376, 'Model_4': 0.000513975839518066, 'Model_5': 0}, 'historyTime': '2024-05-06T12:32:56.236Z', 'currentTaskHistory': 3}]","[858, 882, 906, 930, 958, 988, 1018, 1047, 1084, 1123, 1632, 1653, 1684, 1710, 1739, 1768, 1803, 1836, 1865, 1916, 1645, 1673, 1695, 1727, 1753, 1782, 1811, 1857, 1897, 1929, 1666, 1692, 1719, 1748, 1782, 1812, 1843, 1874, 1918, 1964]",,"{'Model_1': 0.3695821735325526, 'Model_2': 0.034934969110547616, 'Model_3': 0.004439607961465376, 'Model_4': 0.000513975839518066, 'Model_5': 0}",[],I look for sudden spikes on the curve instead of gradually rising curve,"{'checkbox1': 'false', 'checkbox2': 'false', 'checkbox3': 'true'}",2,1,2024-05-06T12:31:41.162Z,2024-05-06T12:33:51.306Z,130.144,54.022,21.052,1723.0,0.40947072644408367,0.40947072644408367,0.9377005271218615,0.5763579241991856,0,line_chart,mokole,20px
235273b6bc020c68583e738ba49be82828352d19, myStudy1 ,Setting_1,"{'x0': 2, 'x1': 4, 'x2': 5.7, 'x3': 8, 'x4': 9, 'x5': 11.4, 'x6': 11.9, 'x7': 11.2, 'x8': 6.3, 'x9': 7}",2024-04-17T09:57:53.429Z,"[{'sliderConfig': {'x0': 2, 'x1': 4, 'x2': 5.7, 'x3': 8, 'x4': 9, 'x5': 11.4, 'x6': 11.9, 'x7': 11.2, 'x8': 6.3, 'x9': 7}, 'generDist': [], 'predictions': {'Model_1': 0.017094017094017117, 'Model_2': 0.14346983298895227, 'Model_3': 0.005698005698005704, 'Model_4': 0.13919632871544804, 'Model_5': 0.13675213675213674}, 'historyTime': '2024-04-17T09:55:42.776Z', 'currentTaskHistory': 3}]","[868, 930, 987, 1049, 1113, 1169, 1239, 1304, 1379, 1448]",,"{'Model_1': 0.017094017094017117, 'Model_2': 0.14346983298895227, 'Model_3': 0.005698005698005704, 'Model_4': 0.13919632871544804, 'Model_5': 0.13675213675213674}",[],select setting where moving slide has the biggest uphill slope,"{'checkbox1': 'false', 'checkbox2': 'true', 'checkbox3': 'false'}",2,1,2024-04-17T09:55:42.776Z,2024-04-17T09:57:53.429Z,130.653,0.0,0.0,1141.0,0.44221032124855986,0.44221032124855986,0.44221032124855986,0.13675213675213674,0.13675213675213674,line_chart,mokole,40px
b7e7f9c7b3c578b53ce07edac401aaf2762d6cd8, myStudy1 ,Setting_1,"{'x0': 2, 'x1': 4, 'x2': 5.7, 'x3': 8, 'x4': 9, 'x5': 11.4, 'x6': 11.9, 'x7': 11.2, 'x8': 6.3, 'x9': 7}",2024-05-13T09:46:45.287Z,"[{'sliderConfig': {'x0': 2, 'x1': 4, 'x2': 5.7, 'x3': 8, 'x4': 9, 'x5': 11.4, 'x6': 11.9, 'x7': 11.2, 'x8': 6.3, 'x9': 7}, 'generDist': [], 'predictions': {'Model_1': 0.017094017094017117, 'Model_2': 0.03751265459244348, 'Model_3': 0.034663651743440646, 'Model_4': 0.17973990945127738, 'Model_5': 0.13675213675213674}, 'historyTime': '2024-05-13T09:44:25.318Z', 'currentTaskHistory': 3}]","[754, 774, 796, 823, 872, 909, 947, 1003, 1050, 1097]",,"{'Model_1': 0.017094017094017117, 'Model_2': 0.03751265459244348, 'Model_3': 0.034663651743440646, 'Model_4': 0.17973990945127738, 'Model_5': 0.13675213675213674}",[],biggest color delta in 3 steps - 1 and 2 identical,"{'checkbox1': 'false', 'checkbox2': 'true', 'checkbox3': 'false'}",2,1,2024-05-13T09:44:25.318Z,2024-05-13T09:46:45.287Z,139.969,0.0,0.0,890.5,0.40576236963331536,0.40576236963331536,0.40576236963331536,0.13675213675213674,0.13675213675213674,heatmap,oranges,30px
ae781896ab9b9de09b2ac8e34696bfce1ee2e665, myStudy1 ,Setting_1,"{'x0': 1.7, 'x1': 4, 'x2': 5.7, 'x3': 8, 'x4': 9, 'x5': 11.4, 'x6': 11.9, 'x7': 11.2, 'x8': 6.3, 'x9': 7}",2024-05-08T13:56:32.880Z,"[{'sliderConfig': {'x0': 2, 'x1': 4, 'x2': 5.7, 'x3': 8, 'x4': 9, 'x5': 11.4, 'x6': 11.9, 'x7': 11.2, 'x8': 6.3, 'x9': 7}, 'generDist': [], 'predictions': {'Model_1': 0.3695821735325526, 'Model_2': 0.034934969110547616, 'Model_3': 0.004439607961465376, 'Model_4': 0.000513975839518066, 'Model_5': 0}, 'historyTime': '2024-05-08T13:55:12.515Z', 'currentTaskHistory': 3}, {'sliderConfig': {'x0': 2, 'x1': 4, 'x2': 5.7, 'x3': 8, 'x4': 9, 'x5': 11.4, 'x6': 11.9, 'x7': 11.2, 'x8': 6.3, 'x9': 10}, 'generDist': [], 'predictions': {'Model_1': 0.4465052504556296, 'Model_2': 0.07339650757208609, 'Model_3': 0.030080633602491025, 'Model_4': 0.019744745070287298, 'Model_5': 0.015384615384615384}, 'historyTime': '2024-05-08T13:55:31.311Z', 'currentTaskHistory': 3}, {'sliderConfig': {'x0': 2, 'x1': 4, 'x2': 5.7, 'x3': 8, 'x4': 9, 'x5': 11.4, 'x6': 11.9, 'x7': 11.2, 'x8': 6.3, 'x9': 7}, 'generDist': [], 'predictions': {'Model_1': 0.3695821735325526, 'Model_2': 0.034934969110547616, 'Model_3': 0.004439607961465376, 'Model_4': 0.000513975839518066, 'Model_5': 0}, 'historyTime': '2024-05-08T13:55:55.185Z', 'currentTaskHistory': 3}, {'sliderConfig': {'x0': 1.7, 'x1': 4, 'x2': 5.7, 'x3': 8, 'x4': 9, 'x5': 11.4, 'x6': 11.9, 'x7': 11.2, 'x8': 6.3, 'x9': 7}, 'generDist': [], 'predictions': {'Model_1': 0.32614244670872544, 'Model_2': 0.030828803761023902, 'Model_3': 0.003917787995941639, 'Model_4': 0.0004535644569849053, 'Model_5': 0.5763579241991856}, 'historyTime': '2024-05-08T13:56:05.034Z', 'currentTaskHistory': 3}]","[763, 783, 806, 828, 873, 906, 930, 960, 986, 1016, 1795, 1820, 1852, 1881, 1922, 1960, 1994, 2036, 2073, 2110, 2055, 2078, 2100, 2121, 2144, 2170, 2195, 2221, 2246, 2275, 1684, 1704, 1722, 1743, 1772, 1812, 1849, 1875, 1905, 1932, 2287, 2307, 2330, 2350, 2372, 2400, 2425, 2452, 2477, 2511]",,"{'Model_1': 0.32614244670872544, 'Model_2': 0.030828803761023902, 'Model_3': 0.003917787995941639, 'Model_4': 0.0004535644569849053, 'Model_5': 0.5763579241991856}",[],Highest overall slope,"{'checkbox1': 'false', 'checkbox2': 'false', 'checkbox3': 'true'}",3,2,2024-05-08T13:55:12.515Z,2024-05-08T13:56:32.880Z,80.365,23.874,33.723,1946.0,0.9377005271218615,0.40947072644408367,0.9377005271218615,0.5763579241991856,0,line_chart,mokole,30px
003444539e9abbe640c55147e82d2572349235cf, myStudy1 ,Setting_2,"{'x0': 2, 'x1': 4, 'x2': 5.7, 'x3': 8, 'x4': 9, 'x5': 11.4, 'x6': 11.9, 'x7': 11.2, 'x8': 6.3, 'x9': 7}",2024-04-22T12:29:33.384Z,"[{'sliderConfig': {'x0': 2, 'x1': 4, 'x2': 5.7, 'x3': 8, 'x4': 9, 'x5': 11.4, 'x6': 11.9, 'x7': 11.2, 'x8': 6.3, 'x9': 7}, 'generDist': [], 'predictions': {'Model_1': 0.017094017094017117, 'Model_2': 0.048064988889211804, 'Model_3': 0.04521598604020898, 'Model_4': 0.13919632871544804, 'Model_5': 0.13675213675213674}, 'historyTime': '2024-04-22T12:27:48.378Z', 'currentTaskHistory': 3}]","[656, 676, 697, 721, 745, 768, 802, 829, 856, 884]",,"{'Model_1': 0.017094017094017117, 'Model_2': 0.048064988889211804, 'Model_3': 0.04521598604020898, 'Model_4': 0.13919632871544804, 'Model_5': 0.13675213675213674}",[],look at the slopes of the lines,"{'checkbox1': 'true', 'checkbox2': 'false', 'checkbox3': 'false'}",1,1,2024-04-22T12:27:48.378Z,2024-04-22T12:29:33.384Z,105.006,0.0,0.0,756.5,0.3863234574910227,0.3863234574910227,0.3863234574910227,0.13675213675213674,0.13675213675213674,line_chart,mokole,40px
8977ab90082083db67429821dbf6191b198129b8, myStudy1 ,Setting_2,"{'x0': 2, 'x1': 3.4, 'x2': 5.7, 'x3': 8, 'x4': 9, 'x5': 11.4, 'x6': 11.9, 'x7': 11.2, 'x8': 6.3, 'x9': 7}",2024-04-15T07:33:06.361Z,"[{'sliderConfig': {'x0': 2, 'x1': 4, 'x2': 5.7, 'x3': 8, 'x4': 9, 'x5': 11.4, 'x6': 11.9, 'x7': 11.2, 'x8': 6.3, 'x9': 7}, 'generDist': [], 'predictions': {'Model_1': 0.06285659974548595, 'Model_2': 0.0372155741044603, 'Model_3': 0.05661199743622037, 'Model_4': 0.14774333726245661, 'Model_5': 0.14358974358974355}, 'historyTime': '2024-04-15T07:29:53.239Z', 'currentTaskHistory': 3}, {'sliderConfig': {'x0': 2, 'x1': 3.2, 'x2': 5.7, 'x3': 8, 'x4': 9, 'x5': 11.4, 'x6': 11.9, 'x7': 11.2, 'x8': 6.3, 'x9': 7}, 'generDist': [], 'predictions': {'Model_1': 0.31176678392758195, 'Model_2': 0.02946993590654211, 'Model_3': 0.0037451002650251888, 'Model_4': 0.00043357230401945383, 'Model_5': 0.6666666666666666}, 'historyTime': '2024-04-15T07:31:37.080Z', 'currentTaskHistory': 3}, {'sliderConfig': {'x0': 2, 'x1': 4, 'x2': 5.7, 'x3': 8, 'x4': 9, 'x5': 11.4, 'x6': 11.9, 'x7': 11.2, 'x8': 6.3, 'x9': 7}, 'generDist': [], 'predictions': {'Model_1': 0.31176678392758195, 'Model_2': 0.02946993590654211, 'Model_3': 0.0037451002650251888, 'Model_4': 0.00043357230401945383, 'Model_5': 0.6666666666666666}, 'historyTime': '2024-04-15T07:31:39.957Z', 'currentTaskHistory': 3}, {'sliderConfig': {'x0': 2, 'x1': 3.4, 'x2': 5.7, 'x3': 8, 'x4': 9, 'x5': 11.4, 'x6': 11.9, 'x7': 11.2, 'x8': 6.3, 'x9': 7}, 'generDist': [], 'predictions': {'Model_1': 0.32614244670872544, 'Model_2': 0.030828803761023902, 'Model_3': 0.003917787995941639, 'Model_4': 0.0004535644569849053, 'Model_5': 0.5763579241991856}, 'historyTime': '2024-04-15T07:31:44.499Z', 'currentTaskHistory': 3}, {'sliderConfig': {'x0': 2, 'x1': 4, 'x2': 5.7, 'x3': 8, 'x4': 9, 'x5': 11.4, 'x6': 11.9, 'x7': 11.2, 'x8': 6.3, 'x9': 7}, 'generDist': [], 'predictions': {'Model_1': 0.3695821735325526, 'Model_2': 0.034934969110547616, 'Model_3': 0.004439607961465376, 'Model_4': 0.000513975839518066, 'Model_5': 0}, 'historyTime': '2024-04-15T07:31:50.782Z', 'currentTaskHistory': 3}, {'sliderConfig': {'x0': 1.7, 'x1': 4, 'x2': 5.7, 'x3': 8, 'x4': 9, 'x5': 11.4, 'x6': 11.9, 'x7': 11.2, 'x8': 6.3, 'x9': 7}, 'generDist': [], 'predictions': {'Model_1': 0.32614244670872544, 'Model_2': 0.030828803761023902, 'Model_3': 0.003917787995941639, 'Model_4': 0.0004535644569849053, 'Model_5': 0.5763579241991856}, 'historyTime': '2024-04-15T07:31:58.319Z', 'currentTaskHistory': 3}, {'sliderConfig': {'x0': 2, 'x1': 4, 'x2': 5.7, 'x3': 8, 'x4': 9, 'x5': 11.4, 'x6': 11.9, 'x7': 11.2, 'x8': 6.3, 'x9': 7}, 'generDist': [], 'predictions': {'Model_1': 0.3695821735325526, 'Model_2': 0.034934969110547616, 'Model_3': 0.004439607961465376, 'Model_4': 0.000513975839518066, 'Model_5': 0}, 'historyTime': '2024-04-15T07:32:07.636Z', 'currentTaskHistory': 3}, {'sliderConfig': {'x0': 2, 'x1': 3.4, 'x2': 5.7, 'x3': 8, 'x4': 9, 'x5': 11.4, 'x6': 11.9, 'x7': 11.2, 'x8': 6.3, 'x9': 7}, 'generDist': [], 'predictions': {'Model_1': 0.32614244670872544, 'Model_2': 0.030828803761023902, 'Model_3': 0.003917787995941639, 'Model_4': 0.0004535644569849053, 'Model_5': 0.5763579241991856}, 'historyTime': '2024-04-15T07:32:12.017Z', 'currentTaskHistory': 3}, {'sliderConfig': {'x0': 2, 'x1': 4, 'x2': 5.7, 'x3': 8, 'x4': 9, 'x5': 11.4, 'x6': 11.9, 'x7': 11.2, 'x8': 6.3, 'x9': 7}, 'generDist': [], 'predictions': {'Model_1': 0.3695821735325526, 'Model_2': 0.034934969110547616, 'Model_3': 0.004439607961465376, 'Model_4': 0.000513975839518066, 'Model_5': 0}, 'historyTime': '2024-04-15T07:32:18.615Z', 'currentTaskHistory': 3}, {'sliderConfig': {'x0': 2, 'x1': 4, 'x2': 5.7, 'x3': 8, 'x4': 9, 'x5': 11.4, 'x6': 11.9, 'x7': 11.2, 'x8': 8.1, 'x9': 7}, 'generDist': [], 'predictions': {'Model_1': 0.4208642248146039, 'Model_2': 0.06057599475157326, 'Model_3': 0.02153362505548247, 'Model_4': 0.013334488660030884, 'Model_5': 0.010256410256410253}, 'historyTime': '2024-04-15T07:32:25.689Z', 'currentTaskHistory': 3}, {'sliderConfig': {'x0': 2, 'x1': 4, 'x2': 5.7, 'x3': 8, 'x4': 9, 'x5': 11.4, 'x6': 11.9, 'x7': 11.2, 'x8': 6.3, 'x9': 7}, 'generDist': [], 'predictions': {'Model_1': 0.3695821735325526, 'Model_2': 0.034934969110547616, 'Model_3': 0.004439607961465376, 'Model_4': 0.000513975839518066, 'Model_5': 0}, 'historyTime': '2024-04-15T07:32:31.861Z', 'currentTaskHistory': 3}, {'sliderConfig': {'x0': 2, 'x1': 3.4, 'x2': 5.7, 'x3': 8, 'x4': 9, 'x5': 11.4, 'x6': 11.9, 'x7': 11.2, 'x8': 6.3, 'x9': 7}, 'generDist': [], 'predictions': {'Model_1': 0.32614244670872544, 'Model_2': 0.030828803761023902, 'Model_3': 0.003917787995941639, 'Model_4': 0.0004535644569849053, 'Model_5': 0.5763579241991856}, 'historyTime': '2024-04-15T07:32:37.751Z', 'currentTaskHistory': 3}]","[652, 745, 836, 958, 1133, 1301, 1473, 1694, 1901, 2164, 1965, 2003, 2047, 2099, 2159, 2259, 2345, 2447, 2529, 2647, 422, 518, 611, 734, 897, 1107, 1291, 1492, 1730, 1998, 1591, 1670, 1764, 1880, 2041, 2203, 2392, 2629, 2826, 3080, 1681, 1788, 1879, 2002, 2195, 2357, 2533, 2749, 2959, 3223, 1881, 1972, 2075, 2205, 2339, 2522, 2682, 2891, 3091, 3337, 1970, 2020, 2061, 2127, 2191, 2253, 2345, 2424, 2499, 2613, 1700, 1776, 1869, 2036, 2202, 2362, 2555, 2742, 2979, 3206, 1795, 1874, 1974, 2091, 2230, 2423, 2596, 2809, 3015, 3263, 1653, 1740, 1854, 1983, 2172, 2334, 2522, 2743, 2967, 3245, 1793, 1837, 1881, 1926, 1986, 2063, 2142, 2234, 2329, 2445, 1739, 1814, 1919, 2059, 2221, 2388, 2591, 2777, 3014, 3267]",,"{'Model_1': 0.32614244670872544, 'Model_2': 0.030828803761023902, 'Model_3': 0.003917787995941639, 'Model_4': 0.0004535644569849053, 'Model_5': 0.5763579241991856}",[],trial and error,"{'checkbox1': 'false', 'checkbox2': 'false', 'checkbox3': 'true'}",3,10,2024-04-15T07:29:53.239Z,2024-04-15T07:33:06.361Z,193.122,103.841,60.671,2113.0,0.9377005271218615,0.40947072644408367,0.93,0.6666666666666666,0,heatmap,oranges,20px
c5fe3f71e2a977374371db9bfdf91d03a4378511, myStudy1 ,Setting_1,"{'x0': 2, 'x1': 3.4, 'x2': 5.7, 'x3': 8, 'x4': 9, 'x5': 11.4, 'x6': 11.9, 'x7': 11.2, 'x8': 6.3, 'x9': 7}",2024-04-22T13:16:19.841Z,"[{'sliderConfig': {'x0': 2, 'x1': 4, 'x2': 5.7, 'x3': 8, 'x4': 9, 'x5': 11.4, 'x6': 11.9, 'x7': 11.2, 'x8': 6.3, 'x9': 7}, 'generDist': [], 'predictions': {'Model_1': 0.059829059829059866, 'Model_2': 0.062241233755213975, 'Model_3': 0.06724047937594735, 'Model_4': 0.14988008939920874, 'Model_5': 0.14529914529914525}, 'historyTime': '2024-04-22T13:13:29.073Z', 'currentTaskHistory': 3}, {'sliderConfig': {'x0': 2, 'x1': 3.4, 'x2': 5.7, 'x3': 8, 'x4': 9, 'x5': 11.4, 'x6': 11.9, 'x7': 11.2, 'x8': 6.3, 'x9': 7}, 'generDist': [], 'predictions': {'Model_1': 0.32614244670872544, 'Model_2': 0.030828803761023902, 'Model_3': 0.003917787995941639, 'Model_4': 0.0004535644569849053, 'Model_5': 0.5763579241991856}, 'historyTime': '2024-04-22T13:14:27.044Z', 'currentTaskHistory': 3}, {'sliderConfig': {'x0': 1.8, 'x1': 3.4, 'x2': 5.7, 'x3': 8, 'x4': 9, 'x5': 11.4, 'x6': 11.9, 'x7': 11.2, 'x8': 6.3, 'x9': 7}, 'generDist': [], 'predictions': {'Model_1': 0.29748026828666635, 'Model_2': 0.028119494737147394, 'Model_3': 0.0035734834146377284, 'Model_4': 0.0004137041274779767, 'Model_5': 0.5812394778460759}, 'historyTime': '2024-04-22T13:14:57.269Z', 'currentTaskHistory': 3}, {'sliderConfig': {'x0': 2, 'x1': 4, 'x2': 5.7, 'x3': 8, 'x4': 9, 'x5': 11.4, 'x6': 11.9, 'x7': 11.2, 'x8': 6.3, 'x9': 7}, 'generDist': [], 'predictions': {'Model_1': 0.3695821735325526, 'Model_2': 0.034934969110547616, 'Model_3': 0.004439607961465376, 'Model_4': 0.000513975839518066, 'Model_5': 0}, 'historyTime': '2024-04-22T13:15:09.942Z', 'currentTaskHistory': 3}, {'sliderConfig': {'x0': 1.8, 'x1': 4, 'x2': 5.7, 'x3': 8, 'x4': 9, 'x5': 11.4, 'x6': 11.9, 'x7': 11.2, 'x8': 6.3, 'x9': 7}, 'generDist': [], 'predictions': {'Model_1': 0.3405850904000571, 'Model_2': 0.03219400302485386, 'Model_3': 0.004091280335422661, 'Model_4': 0.0004736497599235186, 'Model_5': 0.3500000000000009}, 'historyTime': '2024-04-22T13:15:48.239Z', 'currentTaskHistory': 3}, {'sliderConfig': {'x0': 1.7, 'x1': 4, 'x2': 5.7, 'x3': 8, 'x4': 9, 'x5': 11.4, 'x6': 11.9, 'x7': 11.2, 'x8': 6.3, 'x9': 7}, 'generDist': [], 'predictions': {'Model_1': 0.32614244670872544, 'Model_2': 0.030828803761023902, 'Model_3': 0.003917787995941639, 'Model_4': 0.0004535644569849053, 'Model_5': 0.5763579241991856}, 'historyTime': '2024-04-22T13:15:54.782Z', 'currentTaskHistory': 3}, {'sliderConfig': {'x0': 1.7, 'x1': 3.6, 'x2': 5.7, 'x3': 8, 'x4': 9, 'x5': 11.4, 'x6': 11.9, 'x7': 11.2, 'x8': 6.3, 'x9': 7}, 'generDist': [], 'predictions': {'Model_1': 0.29748026828666635, 'Model_2': 0.028119494737147394, 'Model_3': 0.0035734834146377284, 'Model_4': 0.0004137041274779767, 'Model_5': 0.5812394778460759}, 'historyTime': '2024-04-22T13:15:59.847Z', 'currentTaskHistory': 3}, {'sliderConfig': {'x0': 2, 'x1': 4, 'x2': 5.7, 'x3': 8, 'x4': 9, 'x5': 11.4, 'x6': 11.9, 'x7': 11.2, 'x8': 6.3, 'x9': 7}, 'generDist': [], 'predictions': {'Model_1': 0.29748026828666635, 'Model_2': 0.028119494737147394, 'Model_3': 0.0035734834146377284, 'Model_4': 0.0004137041274779767, 'Model_5': 0.5812394778460759}, 'historyTime': '2024-04-22T13:16:00.389Z', 'currentTaskHistory': 3}, {'sliderConfig': {'x0': 2, 'x1': 3.4, 'x2': 5.7, 'x3': 8, 'x4': 9, 'x5': 11.4, 'x6': 11.9, 'x7': 11.2, 'x8': 6.3, 'x9': 7}, 'generDist': [], 'predictions': {'Model_1': 0.32614244670872544, 'Model_2': 0.030828803761023902, 'Model_3': 0.003917787995941639, 'Model_4': 0.0004535644569849053, 'Model_5': 0.5763579241991856}, 'historyTime': '2024-04-22T13:16:07.355Z', 'currentTaskHistory': 3}]","[854, 967, 1097, 1226, 1381, 1591, 1782, 2018, 2243, 2510, 3125, 3221, 3324, 3448, 3613, 3819, 4004, 4215, 4435, 4695, 2352, 2442, 2509, 2573, 2636, 2705, 2764, 2850, 2907, 2970, 1638, 1715, 1813, 1944, 2083, 2261, 2433, 2642, 2784, 2867, 1879, 1998, 2095, 2227, 2374, 2536, 2717, 2917, 3145, 3380, 2542, 2657, 2816, 2977, 3164, 3334, 3523, 3732, 3998, 4241, 1674, 1755, 1877, 2012, 2195, 2390, 2607, 2859, 3082, 3341, 3131, 3283, 3366, 3428, 3493, 3556, 3621, 3680, 3757, 3851, 3155, 3204, 3250, 3291, 3347, 3411, 3479, 3588, 3674, 3772, 1880, 1980, 2074, 2205, 2354, 2518, 2688, 2887, 3118, 3394]",,"{'Model_1': 0.32614244670872544, 'Model_2': 0.030828803761023902, 'Model_3': 0.003917787995941639, 'Model_4': 0.0004535644569849053, 'Model_5': 0.5763579241991856}",[],Find the lightest shade in total for each setting,"{'checkbox1': 'false', 'checkbox2': 'false', 'checkbox3': 'true'}",3,6,2024-04-22T13:13:29.073Z,2024-04-22T13:16:19.841Z,170.768,57.971,100.311,2833.0,0.9377005271218615,0.40947072644408367,0.9377005271218615,0.5812394778460759,0,heatmap,oranges,20px
b4c42f1bc93f7f034844302974a0edf24b0d3f72, myStudy1 ,Setting_1,"{'x0': 1.7, 'x1': 4, 'x2': 5.7, 'x3': 8, 'x4': 9, 'x5': 11.4, 'x6': 11.9, 'x7': 11.2, 'x8': 6.3, 'x9': 7}",2024-05-08T08:26:52.561Z,"[{'sliderConfig': {'x0': 2, 'x1': 4, 'x2': 5.7, 'x3': 8, 'x4': 9, 'x5': 11.4, 'x6': 11.9, 'x7': 11.2, 'x8': 6.3, 'x9': 7}, 'generDist': [], 'predictions': {'Model_1': 0.03418803418803422, 'Model_2': 0.15201684153596084, 'Model_3': 0.011396011396011405, 'Model_4': 0.14346983298895233, 'Model_5': 0.14017094017094014}, 'historyTime': '2024-05-08T08:24:36.307Z', 'currentTaskHistory': 3}, {'sliderConfig': {'x0': 1.6, 'x1': 4, 'x2': 5.7, 'x3': 8, 'x4': 9, 'x5': 11.4, 'x6': 11.9, 'x7': 11.2, 'x8': 6.3, 'x9': 7}, 'generDist': [], 'predictions': {'Model_1': 0.31176678392758195, 'Model_2': 0.02946993590654211, 'Model_3': 0.0037451002650251888, 'Model_4': 0.00043357230401945383, 'Model_5': 0.6666666666666666}, 'historyTime': '2024-05-08T08:25:26.749Z', 'currentTaskHistory': 3}, {'sliderConfig': {'x0': 2, 'x1': 4, 'x2': 5.7, 'x3': 8, 'x4': 9, 'x5': 11.4, 'x6': 11.9, 'x7': 11.2, 'x8': 6.3, 'x9': 7}, 'generDist': [], 'predictions': {'Model_1': 0.31176678392758195, 'Model_2': 0.02946993590654211, 'Model_3': 0.0037451002650251888, 'Model_4': 0.00043357230401945383, 'Model_5': 0.6666666666666666}, 'historyTime': '2024-05-08T08:25:29.029Z', 'currentTaskHistory': 3}, {'sliderConfig': {'x0': 1.7, 'x1': 4, 'x2': 5.7, 'x3': 8, 'x4': 9, 'x5': 11.4, 'x6': 11.9, 'x7': 11.2, 'x8': 6.3, 'x9': 7}, 'generDist': [], 'predictions': {'Model_1': 0.32614244670872544, 'Model_2': 0.030828803761023902, 'Model_3': 0.003917787995941639, 'Model_4': 0.0004535644569849053, 'Model_5': 0.5763579241991856}, 'historyTime': '2024-05-08T08:25:43.976Z', 'currentTaskHistory': 3}]","[711, 762, 808, 866, 915, 976, 1037, 1096, 1160, 1227, 2479, 2538, 2590, 2630, 2705, 2893, 2935, 2979, 3030, 3075, 577, 629, 675, 724, 780, 834, 896, 957, 1024, 1083, 1605, 1663, 1708, 1755, 1816, 1868, 1930, 1992, 2058, 2126]",,"{'Model_1': 0.32614244670872544, 'Model_2': 0.030828803761023902, 'Model_3': 0.003917787995941639, 'Model_4': 0.0004535644569849053, 'Model_5': 0.5763579241991856}",[],See the biggest gain for the slope of the pink curve from the lowest point,"{'checkbox1': 'false', 'checkbox2': 'false', 'checkbox3': 'true'}",1,2,2024-05-08T08:24:36.307Z,2024-05-08T08:26:52.561Z,136.254,50.442,17.227,1416.0,0.9377005271218615,0.4812416602798989,0.93,0.6666666666666666,0.14017094017094014,line_chart,mokole,20px
2080d830d0cb48fafdf80785cffb3ddeedc4ec33, myStudy1 ,Setting_2,"{'x0': 2, 'x1': 4, 'x2': 5.7, 'x3': 8, 'x4': 9, 'x5': 11.4, 'x6': 11.9, 'x7': 11.2, 'x8': 6.3, 'x9': 7}",2024-05-10T09:33:54.187Z,"[{'sliderConfig': {'x0': 2, 'x1': 4, 'x2': 5.7, 'x3': 8, 'x4': 9, 'x5': 11.4, 'x6': 11.9, 'x7': 11.2, 'x8': 6.3, 'x9': 7}, 'generDist': [], 'predictions': {'Model_1': 0.04832082371921106, 'Model_2': 0.039773815172202506, 'Model_3': 0.11231299238734493, 'Model_4': 0.07693582148125909, 'Model_5': 0.0034188034188034214}, 'historyTime': '2024-05-10T09:30:14.086Z', 'currentTaskHistory': 3}]","[874, 931, 982, 1042, 1099, 1174, 1238, 1313, 1385, 1463]",,"{'Model_1': 0.04832082371921106, 'Model_2': 0.039773815172202506, 'Model_3': 0.11231299238734493, 'Model_4': 0.07693582148125909, 'Model_5': 0.0034188034188034214}",[],find the slider combining the highest impact costs,"{'checkbox1': 'false', 'checkbox2': 'false', 'checkbox3': 'true'}",1,1,2024-05-10T09:30:14.086Z,2024-05-10T09:33:54.187Z,220.101,0.0,0.0,1136.5,0.280762256178821,0.280762256178821,0.280762256178821,0.0034188034188034214,0.0034188034188034214,line_chart,mokole,40px
965b89002d289695a5b114ee391c50a9b5fd3e8a, myStudy1 ,Setting_1,"{'x0': 1.7, 'x1': 4, 'x2': 5.7, 'x3': 8, 'x4': 9, 'x5': 11.4, 'x6': 11.9, 'x7': 11.2, 'x8': 6.3, 'x9': 7}",2024-04-16T09:21:49.857Z,"[{'sliderConfig': {'x0': 2, 'x1': 4, 'x2': 5.7, 'x3': 8, 'x4': 9, 'x5': 11.4, 'x6': 11.9, 'x7': 11.2, 'x8': 6.3, 'x9': 7}, 'generDist': [], 'predictions': {'Model_1': 0.3695821735325526, 'Model_2': 0.034934969110547616, 'Model_3': 0.004439607961465376, 'Model_4': 0.000513975839518066, 'Model_5': 0}, 'historyTime': '2024-04-16T09:21:01.465Z', 'currentTaskHistory': 3}, {'sliderConfig': {'x0': 1.7, 'x1': 4, 'x2': 5.7, 'x3': 8, 'x4': 9, 'x5': 11.4, 'x6': 11.9, 'x7': 11.2, 'x8': 6.3, 'x9': 7}, 'generDist': [], 'predictions': {'Model_1': 0.32614244670872544, 'Model_2': 0.030828803761023902, 'Model_3': 0.003917787995941639, 'Model_4': 0.0004535644569849053, 'Model_5': 0.5763579241991856}, 'historyTime': '2024-04-16T09:21:09.768Z', 'currentTaskHistory': 3}]","[710, 793, 910, 1050, 1224, 1458, 1668, 1903, 2142, 2415, 1876, 1936, 1978, 2032, 2104, 2177, 2276, 2361, 2480, 2612, 1818, 1927, 2046, 2182, 2379, 2472, 2552, 2636, 2734, 2823, 1669, 1799, 1932, 2009, 2085, 2163, 2265, 2392, 2511, 2643]",,"{'Model_1': 0.32614244670872544, 'Model_2': 0.030828803761023902, 'Model_3': 0.003917787995941639, 'Model_4': 0.0004535644569849053, 'Model_5': 0.5763579241991856}",[],bho,"{'checkbox1': 'true', 'checkbox2': 'false', 'checkbox3': 'false'}",1,0,2024-04-16T09:21:01.465Z,2024-04-16T09:21:49.857Z,48.392,8.303,0.0,2094.5,0.9377005271218615,0.40947072644408367,0.9377005271218615,0.5763579241991856,0,heatmap,oranges,30px
83bf397065ca3b9f18b52308945021991c4dca2d, myStudy1 ,,"{'x0': 2, 'x1': 4, 'x2': 5.7, 'x3': 8, 'x4': 9, 'x5': 11.4, 'x6': 14, 'x7': 11.2, 'x8': 6.3, 'x9': 7}",2024-04-18T12:00:17.884Z,"[{'sliderConfig': {'x0': 2, 'x1': 4, 'x2': 5.7, 'x3': 8, 'x4': 9, 'x5': 11.4, 'x6': 11.9, 'x7': 11.2, 'x8': 6.3, 'x9': 7}, 'generDist': [], 'predictions': {'Model_1': 0.3695821735325526, 'Model_2': 0.034934969110547616, 'Model_3': 0.004439607961465376, 'Model_4': 0.000513975839518066, 'Model_5': 0}, 'historyTime': '2024-04-18T11:58:25.393Z', 'currentTaskHistory': 3}, {'sliderConfig': {'x0': 2, 'x1': 4, 'x2': 5.7, 'x3': 8, 'x4': 9, 'x5': 11.4, 'x6': 11.9, 'x7': 11.2, 'x8': 6.3, 'x9': 20}, 'generDist': [], 'predictions': {'Model_1': 0.7029155068658861, 'Model_2': 0.20160163577721432, 'Model_3': 0.11555071907257654, 'Model_4': 0.08384730917285141, 'Model_5': 0.06666666666666667}, 'historyTime': '2024-04-18T11:58:51.835Z', 'currentTaskHistory': 3}, {'sliderConfig': {'x0': 2, 'x1': 4, 'x2': 5.7, 'x3': 8, 'x4': 9, 'x5': 11.4, 'x6': 11.9, 'x7': 11.2, 'x8': 6.3, 'x9': 7}, 'generDist': [], 'predictions': {'Model_1': 0.7029155068658861, 'Model_2': 0.20160163577721432, 'Model_3': 0.11555071907257654, 'Model_4': 0.08384730917285141, 'Model_5': 0.06666666666666667}, 'historyTime': '2024-04-18T11:59:05.639Z', 'currentTaskHistory': 3}, {'sliderConfig': {'x0': 2, 'x1': 4, 'x2': 5.7, 'x3': 8, 'x4': 9, 'x5': 11.4, 'x6': 11.9, 'x7': 12, 'x8': 6.3, 'x9': 7}, 'generDist': [], 'predictions': {'Model_1': 0.39055155644766226, 'Model_2': 0.027663420928286782, 'Model_3': 0.004439607961465376, 'Model_4': 0.000513975839518066, 'Model_5': 0}, 'historyTime': '2024-04-18T11:59:37.983Z', 'currentTaskHistory': 3}, {'sliderConfig': {'x0': 2, 'x1': 4, 'x2': 5.7, 'x3': 8, 'x4': 9, 'x5': 11.4, 'x6': 14, 'x7': 12, 'x8': 6.3, 'x9': 7}, 'generDist': [], 'predictions': {'Model_1': 0.45494422435472737, 'Model_2': 0.01086038091260355, 'Model_3': 0.004439607961465376, 'Model_4': 0.000513975839518066, 'Model_5': 0}, 'historyTime': '2024-04-18T11:59:43.829Z', 'currentTaskHistory': 3}, {'sliderConfig': {'x0': 2, 'x1': 4, 'x2': 5.7, 'x3': 8, 'x4': 9, 'x5': 11.4, 'x6': 11.9, 'x7': 11.2, 'x8': 6.3, 'x9': 7}, 'generDist': [], 'predictions': {'Model_1': 0.3695821735325526, 'Model_2': 0.034934969110547616, 'Model_3': 0.004439607961465376, 'Model_4': 0.000513975839518066, 'Model_5': 0}, 'historyTime': '2024-04-18T11:59:51.881Z', 'currentTaskHistory': 3}, {'sliderConfig': {'x0': 2, 'x1': 4, 'x2': 5.7, 'x3': 8, 'x4': 9, 'x5': 11.4, 'x6': 14, 'x7': 11.2, 'x8': 6.3, 'x9': 7}, 'generDist': [], 'predictions': {'Model_1': 0.4332655127710902, 'Model_2': 0.015616839351495888, 'Model_3': 0.004439607961465376, 'Model_4': 0.000513975839518066, 'Model_5': 0}, 'historyTime': '2024-04-18T11:59:55.137Z', 'currentTaskHistory': 3}]","[765, 808, 854, 909, 961, 1022, 1077, 1150, 1216, 1327, 1784, 1850, 1916, 1977, 2045, 2097, 2170, 2237, 2318, 2388, 1710, 1755, 1798, 1868, 1929, 2001, 2058, 2134, 2196, 2275, 487, 542, 596, 657, 732, 798, 868, 929, 1004, 1073, 1953, 2013, 2077, 2140, 2202, 2260, 2321, 2391, 2452, 2531, 1996, 2060, 2110, 2179, 2346, 2417, 2464, 2500, 2593, 2660, 641, 699, 755, 808, 867, 933, 1001, 1071, 1154, 1246, 1642, 1704, 1750, 1811, 1866, 1925, 1996, 2068, 2136, 2216, 2008, 2059, 2121, 2179, 2244, 2304, 2374, 2446, 2547, 2630]",,"{'Model_1': 0.4332655127710902, 'Model_2': 0.015616839351495888, 'Model_3': 0.004439607961465376, 'Model_4': 0.000513975839518066, 'Model_5': 0}",[],highest increment ,"{'checkbox1': 'true', 'checkbox2': 'false', 'checkbox3': 'false'}",1,5,2024-04-18T11:58:25.393Z,2024-04-18T12:00:17.884Z,112.491,32.344,63.302,1965.0,0.4538359359235695,0.40947072644408367,0.93,0.06666666666666667,0,line_chart,mokole,30px
551cebdf88afdfd18882f89cbbb5ed5a6a2637b4, myStudy1 ,Setting_1,"{'x0': 2, 'x1': 4, 'x2': 5.7, 'x3': 8, 'x4': 9, 'x5': 11.4, 'x6': 11.9, 'x7': 11.2, 'x8': 6.3, 'x9': 7}",2024-05-07T08:10:43.235Z,"[{'sliderConfig': {'x0': 2, 'x1': 4, 'x2': 5.7, 'x3': 8, 'x4': 9, 'x5': 11.4, 'x6': 11.9, 'x7': 11.2, 'x8': 6.3, 'x9': 7}, 'generDist': [], 'predictions': {'Model_1': 0.06515900598322892, 'Model_2': 0.052338493162716104, 'Model_3': 0.1434698329889523, 'Model_4': 0.006410256410256416, 'Model_5': 0.13846153846153844}, 'historyTime': '2024-05-07T08:08:10.507Z', 'currentTaskHistory': 3}, {'sliderConfig': {'x0': 1.7, 'x1': 4, 'x2': 5.7, 'x3': 8, 'x4': 9, 'x5': 11.4, 'x6': 11.9, 'x7': 11.2, 'x8': 6.3, 'x9': 7}, 'generDist': [], 'predictions': {'Model_1': 0.32614244670872544, 'Model_2': 0.030828803761023902, 'Model_3': 0.003917787995941639, 'Model_4': 0.0004535644569849053, 'Model_5': 0.5763579241991856}, 'historyTime': '2024-05-07T08:08:47.468Z', 'currentTaskHistory': 3}, {'sliderConfig': {'x0': 2, 'x1': 4, 'x2': 5.7, 'x3': 8, 'x4': 9, 'x5': 11.4, 'x6': 11.9, 'x7': 11.2, 'x8': 6.3, 'x9': 7}, 'generDist': [], 'predictions': {'Model_1': 0.3695821735325526, 'Model_2': 0.034934969110547616, 'Model_3': 0.004439607961465376, 'Model_4': 0.000513975839518066, 'Model_5': 0}, 'historyTime': '2024-05-07T08:08:56.775Z', 'currentTaskHistory': 3}, {'sliderConfig': {'x0': 1.7, 'x1': 4, 'x2': 5.7, 'x3': 8, 'x4': 9, 'x5': 11.4, 'x6': 11.9, 'x7': 11.2, 'x8': 6.3, 'x9': 7}, 'generDist': [], 'predictions': {'Model_1': 0.32614244670872544, 'Model_2': 0.030828803761023902, 'Model_3': 0.003917787995941639, 'Model_4': 0.0004535644569849053, 'Model_5': 0.5763579241991856}, 'historyTime': '2024-05-07T08:09:15.894Z', 'currentTaskHistory': 3}, {'sliderConfig': {'x0': 2, 'x1': 4, 'x2': 5.7, 'x3': 8, 'x4': 9, 'x5': 11.4, 'x6': 11.9, 'x7': 11.2, 'x8': 6.3, 'x9': 7}, 'generDist': [], 'predictions': {'Model_1': 0.3695821735325526, 'Model_2': 0.034934969110547616, 'Model_3': 0.004439607961465376, 'Model_4': 0.000513975839518066, 'Model_5': 0}, 'historyTime': '2024-05-07T08:09:24.029Z', 'currentTaskHistory': 3}, {'sliderConfig': {'x0': 2, 'x1': 3.4, 'x2': 5.7, 'x3': 8, 'x4': 9, 'x5': 11.4, 'x6': 11.9, 'x7': 11.2, 'x8': 6.3, 'x9': 7}, 'generDist': [], 'predictions': {'Model_1': 0.32614244670872544, 'Model_2': 0.030828803761023902, 'Model_3': 0.003917787995941639, 'Model_4': 0.0004535644569849053, 'Model_5': 0.5763579241991856}, 'historyTime': '2024-05-07T08:09:28.337Z', 'currentTaskHistory': 3}, {'sliderConfig': {'x0': 2, 'x1': 4, 'x2': 5.7, 'x3': 8, 'x4': 9, 'x5': 11.4, 'x6': 11.9, 'x7': 11.2, 'x8': 6.3, 'x9': 7}, 'generDist': [], 'predictions': {'Model_1': 0.3695821735325526, 'Model_2': 0.034934969110547616, 'Model_3': 0.004439607961465376, 'Model_4': 0.000513975839518066, 'Model_5': 0}, 'historyTime': '2024-05-07T08:09:34.099Z', 'currentTaskHistory': 3}, {'sliderConfig': {'x0': 2, 'x1': 4, 'x2': 4.8, 'x3': 8, 'x4': 9, 'x5': 11.4, 'x6': 11.9, 'x7': 11.2, 'x8': 6.3, 'x9': 7}, 'generDist': [], 'predictions': {'Model_1': 0.32450686360527825, 'Model_2': 0.03067419932041868, 'Model_3': 0.0038981405446095125, 'Model_4': 0.008207772936574894, 'Model_5': 0}, 'historyTime': '2024-05-07T08:09:40.102Z', 'currentTaskHistory': 3}, {'sliderConfig': {'x0': 2, 'x1': 4, 'x2': 5.7, 'x3': 8, 'x4': 9, 'x5': 11.4, 'x6': 11.9, 'x7': 11.2, 'x8': 6.3, 'x9': 7}, 'generDist': [], 'predictions': {'Model_1': 0.3695821735325526, 'Model_2': 0.034934969110547616, 'Model_3': 0.004439607961465376, 'Model_4': 0.000513975839518066, 'Model_5': 0}, 'historyTime': '2024-05-07T08:09:46.434Z', 'currentTaskHistory': 3}]","[707, 764, 820, 876, 940, 997, 1071, 1136, 1218, 1297, 1587, 1645, 1696, 1753, 1812, 1878, 1941, 2015, 2080, 2160, 1580, 1642, 1696, 1753, 1818, 1871, 1940, 2004, 2083, 2158, 2069, 2130, 2178, 2242, 2294, 2363, 2423, 2506, 2573, 2660, 1677, 1699, 1722, 1747, 1777, 1806, 1834, 1867, 1895, 1925, 1797, 1851, 1907, 1961, 2018, 2087, 2150, 2228, 2319, 2407, 1553, 1615, 1669, 1731, 1790, 1856, 1922, 1996, 2067, 2148, 1920, 1970, 2028, 2080, 2140, 2199, 2271, 2336, 2412, 2488, 2040, 2085, 2155, 2213, 2280, 2347, 2421, 2511, 2617, 2690]",,"{'Model_1': 0.3695821735325526, 'Model_2': 0.034934969110547616, 'Model_3': 0.004439607961465376, 'Model_4': 0.000513975839518066, 'Model_5': 0}",[],most immediately steep slope. non-independence makes it hard to predict anyway,"{'checkbox1': 'true', 'checkbox2': 'false', 'checkbox3': 'false'}",1,6,2024-05-07T08:08:10.507Z,2024-05-07T08:10:43.235Z,152.728,36.961,58.966,1951.0,0.40947072644408367,0.36728697640688135,0.9377005271218615,0.5763579241991856,0,line_chart,mokole,30px
788877441769aa257aa8a43eae59ec897f8afb4d, myStudy1 ,Setting_2,"{'x0': 2, 'x1': 3.4, 'x2': 5.7, 'x3': 8, 'x4': 9, 'x5': 11.4, 'x6': 11.9, 'x7': 11.2, 'x8': 6.3, 'x9': 7}",2024-04-18T13:24:35.419Z,"[{'sliderConfig': {'x0': 2, 'x1': 4, 'x2': 5.7, 'x3': 8, 'x4': 9, 'x5': 11.4, 'x6': 11.9, 'x7': 11.2, 'x8': 6.3, 'x9': 7}, 'generDist': [], 'predictions': {'Model_1': 0.12764011260997776, 'Model_2': 0.060688878610786305, 'Model_3': 0.04791718922978908, 'Model_4': 0.15143769881705574, 'Model_5': 0.2901098901098901}, 'historyTime': '2024-04-18T13:22:10.563Z', 'currentTaskHistory': 3}, {'sliderConfig': {'x0': 2, 'x1': 3.4, 'x2': 5.7, 'x3': 8, 'x4': 9, 'x5': 11.4, 'x6': 11.9, 'x7': 11.2, 'x8': 6.3, 'x9': 7}, 'generDist': [], 'predictions': {'Model_1': 0.32614244670872544, 'Model_2': 0.030828803761023902, 'Model_3': 0.003917787995941639, 'Model_4': 0.0004535644569849053, 'Model_5': 0.5763579241991856}, 'historyTime': '2024-04-18T13:22:51.683Z', 'currentTaskHistory': 3}, {'sliderConfig': {'x0': 1.7, 'x1': 3.4, 'x2': 5.7, 'x3': 8, 'x4': 9, 'x5': 11.4, 'x6': 11.9, 'x7': 11.2, 'x8': 6.3, 'x9': 7}, 'generDist': [], 'predictions': {'Model_1': 0.2833049285575895, 'Model_2': 0.026779562535241015, 'Model_3': 0.003403202065523516, 'Model_4': 0.0003939905626486266, 'Model_5': 0.3833333333333326}, 'historyTime': '2024-04-18T13:22:58.472Z', 'currentTaskHistory': 3}, {'sliderConfig': {'x0': 2, 'x1': 4, 'x2': 5.7, 'x3': 8, 'x4': 9, 'x5': 11.4, 'x6': 11.9, 'x7': 11.2, 'x8': 6.3, 'x9': 7}, 'generDist': [], 'predictions': {'Model_1': 0.3695821735325526, 'Model_2': 0.034934969110547616, 'Model_3': 0.004439607961465376, 'Model_4': 0.000513975839518066, 'Model_5': 0}, 'historyTime': '2024-04-18T13:23:04.543Z', 'currentTaskHistory': 3}, {'sliderConfig': {'x0': 2, 'x1': 3.4, 'x2': 5.7, 'x3': 8, 'x4': 9, 'x5': 11.4, 'x6': 11.9, 'x7': 11.2, 'x8': 6.3, 'x9': 7}, 'generDist': [], 'predictions': {'Model_1': 0.32614244670872544, 'Model_2': 0.030828803761023902, 'Model_3': 0.003917787995941639, 'Model_4': 0.0004535644569849053, 'Model_5': 0.5763579241991856}, 'historyTime': '2024-04-18T13:23:09.211Z', 'currentTaskHistory': 3}]","[658, 672, 695, 717, 730, 744, 761, 777, 791, 812, 1628, 1640, 1652, 1665, 1682, 1698, 1711, 1729, 1746, 1763, 2763, 2816, 2838, 2851, 2865, 2879, 2896, 2914, 2939, 2965, 1669, 1683, 1696, 1708, 1721, 1733, 1748, 1765, 1781, 1798, 1721, 1739, 1757, 1773, 1797, 1818, 1838, 1853, 1875, 1891, 1874, 1887, 1903, 1932, 1950, 1966, 1987, 2005, 2021, 2039]",,"{'Model_1': 0.32614244670872544, 'Model_2': 0.030828803761023902, 'Model_3': 0.003917787995941639, 'Model_4': 0.0004535644569849053, 'Model_5': 0.5763579241991856}",[],the biggest differences can be found on charts 1 and 2 from these 2 its a matter of choosing the one where the most lines are higher to when doing the same in the other,"{'checkbox1': 'true', 'checkbox2': 'false', 'checkbox3': 'false'}",1,2,2024-04-18T13:22:10.563Z,2024-04-18T13:24:35.419Z,144.856,41.12,17.528,1764.0,0.9377005271218615,0.40947072644408367,0.9377005271218615,0.5763579241991856,0,line_chart,mokole,40px
3fb602580f4e2942caa7e2009f1218daf6e3bf8d, myStudy1 ,Setting_1,"{'x0': 1.7, 'x1': 4, 'x2': 5.7, 'x3': 8, 'x4': 9, 'x5': 11.4, 'x6': 11.9, 'x7': 11.2, 'x8': 6.3, 'x9': 7}",2024-04-15T14:25:11.497Z,"[{'sliderConfig': {'x0': 2, 'x1': 4, 'x2': 5.7, 'x3': 8, 'x4': 9, 'x5': 11.4, 'x6': 11.9, 'x7': 11.2, 'x8': 6.3, 'x9': 7}, 'generDist': [], 'predictions': {'Model_1': 0.3076923076923078, 'Model_2': 0.2811681575961889, 'Model_3': 0.1025641025641026, 'Model_4': 0.07692307692307693, 'Model_5': 0.46153846153846156}, 'historyTime': '2024-04-15T14:23:11.799Z', 'currentTaskHistory': 3}, {'sliderConfig': {'x0': 1.6, 'x1': 4, 'x2': 5.7, 'x3': 8, 'x4': 9, 'x5': 11.4, 'x6': 11.9, 'x7': 11.2, 'x8': 6.3, 'x9': 7}, 'generDist': [], 'predictions': {'Model_1': 0.31176678392758195, 'Model_2': 0.02946993590654211, 'Model_3': 0.0037451002650251888, 'Model_4': 0.00043357230401945383, 'Model_5': 0.6666666666666666}, 'historyTime': '2024-04-15T14:23:51.166Z', 'currentTaskHistory': 3}, {'sliderConfig': {'x0': 2, 'x1': 4, 'x2': 5.7, 'x3': 8, 'x4': 9, 'x5': 11.4, 'x6': 11.9, 'x7': 11.2, 'x8': 6.3, 'x9': 7}, 'generDist': [], 'predictions': {'Model_1': 0.31176678392758195, 'Model_2': 0.02946993590654211, 'Model_3': 0.0037451002650251888, 'Model_4': 0.00043357230401945383, 'Model_5': 0.6666666666666666}, 'historyTime': '2024-04-15T14:23:53.731Z', 'currentTaskHistory': 3}, {'sliderConfig': {'x0': 1.7, 'x1': 4, 'x2': 5.7, 'x3': 8, 'x4': 9, 'x5': 11.4, 'x6': 11.9, 'x7': 11.2, 'x8': 6.3, 'x9': 7}, 'generDist': [], 'predictions': {'Model_1': 0.32614244670872544, 'Model_2': 0.030828803761023902, 'Model_3': 0.003917787995941639, 'Model_4': 0.0004535644569849053, 'Model_5': 0.5763579241991856}, 'historyTime': '2024-04-15T14:23:59.808Z', 'currentTaskHistory': 3}]","[1232, 1275, 1315, 1369, 1448, 1513, 1579, 1702, 1777, 1881, 4086, 4145, 4249, 4280, 4319, 4385, 4444, 4539, 4607, 4714, 1685, 1718, 1755, 1803, 1851, 1918, 1992, 2065, 2151, 2238, 3582, 3670, 3830, 3983, 4137, 4344, 4536, 4733, 4971, 5162]",,"{'Model_1': 0.32614244670872544, 'Model_2': 0.030828803761023902, 'Model_3': 0.003917787995941639, 'Model_4': 0.0004535644569849053, 'Model_5': 0.5763579241991856}",[],CHeck steepest color gradient and no of graduations,"{'checkbox1': 'true', 'checkbox2': 'false', 'checkbox3': 'false'}",1,2,2024-04-15T14:23:11.799Z,2024-04-15T14:25:11.497Z,119.698,39.367,8.642,2910.0,0.9377005271218615,0.9377005271218615,0.93,0.6666666666666666,0.46153846153846156,heatmap,oranges,40px
0f1c0138f5f6838452b8e6e5a249174eb317887e, myStudy1 ,Setting_1,"{'x0': 2, 'x1': 4, 'x2': 5.7, 'x3': 8, 'x4': 9, 'x5': 11.4, 'x6': 11.9, 'x7': 11.2, 'x8': 6.3, 'x9': 7}",2024-05-10T14:31:07.761Z,"[{'sliderConfig': {'x0': 2, 'x1': 4, 'x2': 5.7, 'x3': 8, 'x4': 9, 'x5': 11.4, 'x6': 11.9, 'x7': 11.2, 'x8': 6.3, 'x9': 7}, 'generDist': [], 'predictions': {'Model_3': 0.06207646361450439, 'Model_1': 0.03340000015880896, 'Model_5': 0.2717948717948718, 'Model_4': 0.06540727452630397, 'Model_2': 0.01404649839143573}, 'historyTime': '2024-05-10T14:28:37.427Z', 'currentTaskHistory': 3}, {'sliderConfig': {'x0': 1.7, 'x1': 4, 'x2': 5.7, 'x3': 8, 'x4': 9, 'x5': 11.4, 'x6': 11.9, 'x7': 11.2, 'x8': 6.3, 'x9': 7}, 'generDist': [], 'predictions': {'Model_3': 0.003917787995941639, 'Model_1': 0.32614244670872544, 'Model_5': 0.5763579241991856, 'Model_4': 0.0004535644569849053, 'Model_2': 0.030828803761023902}, 'historyTime': '2024-05-10T14:29:17.211Z', 'currentTaskHistory': 3}, {'sliderConfig': {'x0': 2, 'x1': 4, 'x2': 5.7, 'x3': 8, 'x4': 9, 'x5': 11.4, 'x6': 11.9, 'x7': 11.2, 'x8': 6.3, 'x9': 7}, 'generDist': [], 'predictions': {'Model_3': 0.004439607961465376, 'Model_1': 0.3695821735325526, 'Model_5': 0, 'Model_4': 0.000513975839518066, 'Model_2': 0.034934969110547616}, 'historyTime': '2024-05-10T14:29:26.101Z', 'currentTaskHistory': 3}]","[1974, 2001, 2062, 2103, 2158, 2217, 2282, 2356, 2450, 2537, 3455, 3481, 3513, 3554, 3607, 3664, 3734, 3818, 3888, 3985, 3005, 3049, 3078, 3125, 3193, 3260, 3323, 3406, 3493, 3587]",,"{'Model_3': 0.004439607961465376, 'Model_1': 0.3695821735325526, 'Model_5': 0, 'Model_4': 0.000513975839518066, 'Model_2': 0.034934969110547616}",[],Find setting that within +/- 3 positions that would show darkest bar colorn,"{'checkbox1': 'false', 'checkbox2': 'true', 'checkbox3': 'false'}",2,1,2024-05-10T14:28:37.427Z,2024-05-10T14:31:07.761Z,150.334,39.784,8.89,3226.5,0.40947072644408367,0.40947072644408367,0.9377005271218615,0.5763579241991856,0,heatmap,oranges,20px
3e3d9eee9ff11c2bd3fab3decbf9dde728901db6, myStudy1 ,Setting_2,"{'x0': 2, 'x1': 4, 'x2': 5.7, 'x3': 8, 'x4': 9, 'x5': 11.4, 'x6': 11.9, 'x7': 11.2, 'x8': 6.3, 'x9': 7}",2024-04-18T14:37:42.192Z,"[{'sliderConfig': {'x0': 2, 'x1': 4, 'x2': 5.7, 'x3': 8, 'x4': 9, 'x5': 11.4, 'x6': 11.9, 'x7': 11.2, 'x8': 6.3, 'x9': 7}, 'generDist': [], 'predictions': {'Model_1': 0.3695821735325526, 'Model_4': 0.000513975839518066, 'Model_5': 0, 'Model_2': 0.034934969110547616, 'Model_3': 0.004439607961465376}, 'historyTime': '2024-04-18T14:35:27.199Z', 'currentTaskHistory': 3}]","[1126, 1159, 1184, 1216, 1256, 1298, 1341, 1393, 1449, 1507, 3603, 3624, 3648, 3681, 3717, 3757, 3800, 3852, 3898, 3960]",,"{'Model_1': 0.3695821735325526, 'Model_4': 0.000513975839518066, 'Model_5': 0, 'Model_2': 0.034934969110547616, 'Model_3': 0.004439607961465376}",[],check visually which settings bring more contribution to the total cost.,"{'checkbox1': 'false', 'checkbox2': 'false', 'checkbox3': 'true'}",3,1,2024-04-18T14:35:27.199Z,2024-04-18T14:37:42.192Z,134.993,0.0,0.0,2555.0,0.40947072644408367,0.40947072644408367,0.40947072644408367,0,0,heatmap,oranges,20px
b3e1b6881199cfe95fd70479799010560ba4f67e, myStudy1 ,Setting_1,"{'x0': 1.7, 'x1': 4, 'x2': 5.7, 'x3': 8, 'x4': 9, 'x5': 11.4, 'x6': 11.9, 'x7': 11.2, 'x8': 6.3, 'x9': 7}",2024-05-13T08:35:38.771Z,"[{'sliderConfig': {'x0': 2, 'x1': 4, 'x2': 5.7, 'x3': 8, 'x4': 9, 'x5': 11.4, 'x6': 11.9, 'x7': 11.2, 'x8': 6.3, 'x9': 7}, 'generDist': [], 'predictions': {'Model_2': 0.025391869158842995, 'Model_1': 0.04373844853512588, 'Model_4': 0.09393744719462407, 'Model_5': 0.40854700854700854, 'Model_3': 0.014245014245014244}, 'historyTime': '2024-05-13T08:34:02.325Z', 'currentTaskHistory': 3}, {'sliderConfig': {'x0': 1.7, 'x1': 4, 'x2': 5.7, 'x3': 8, 'x4': 9, 'x5': 11.4, 'x6': 11.9, 'x7': 11.2, 'x8': 6.3, 'x9': 7}, 'generDist': [], 'predictions': {'Model_2': 0.030828803761023902, 'Model_1': 0.32614244670872544, 'Model_4': 0.0004535644569849053, 'Model_5': 0.5763579241991856, 'Model_3': 0.003917787995941639}, 'historyTime': '2024-05-13T08:35:06.126Z', 'currentTaskHistory': 3}]","[773, 795, 815, 842, 872, 916, 954, 992, 1043, 1091, 1653, 1674, 1692, 1722, 1750, 1789, 1829, 1867, 1918, 1968]",,"{'Model_2': 0.030828803761023902, 'Model_1': 0.32614244670872544, 'Model_4': 0.0004535644569849053, 'Model_5': 0.5763579241991856, 'Model_3': 0.003917787995941639}",[],map color,"{'checkbox1': 'false', 'checkbox2': 'false', 'checkbox3': 'true'}",1,0,2024-05-13T08:34:02.325Z,2024-05-13T08:35:38.771Z,96.446,63.801,0.0,1372.0,0.9377005271218616,0.5858597876806158,0.9377005271218616,0.5763579241991856,0.40854700854700854,heatmap,oranges,30px
0d69323a6ab37b616705ec7d51728bcdd2968e76, myStudy1 ,Setting_1,"{'x0': 1.7, 'x1': 4, 'x2': 5.7, 'x3': 8, 'x4': 9, 'x5': 11.4, 'x6': 11.9, 'x7': 11.2, 'x8': 6.3, 'x9': 7}",2024-04-18T08:07:48.365Z,"[{'sliderConfig': {'x0': 2, 'x1': 4, 'x2': 5.7, 'x3': 8, 'x4': 9, 'x5': 11.4, 'x6': 11.9, 'x7': 11.2, 'x8': 6.3, 'x9': 7}, 'generDist': [], 'predictions': {'Model_1': 0.052271139064988086, 'Model_2': 0.015569005033950556, 'Model_3': 0.07012384802161192, 'Model_4': 0.07215559903551971, 'Model_5': 0.13675213675213674}, 'historyTime': '2024-04-18T08:04:05.320Z', 'currentTaskHistory': 3}, {'sliderConfig': {'x0': 1.7, 'x1': 4, 'x2': 5.7, 'x3': 8, 'x4': 9, 'x5': 11.4, 'x6': 11.9, 'x7': 11.2, 'x8': 6.3, 'x9': 7}, 'generDist': [], 'predictions': {'Model_1': 0.32614244670872544, 'Model_2': 0.030828803761023902, 'Model_3': 0.003917787995941639, 'Model_4': 0.0004535644569849053, 'Model_5': 0.5763579241991856}, 'historyTime': '2024-04-18T08:06:07.631Z', 'currentTaskHistory': 3}]","[770, 866, 1002, 1121, 1179, 1274, 1343, 1449, 1526, 1642, 2283, 2376, 2479, 2602, 2732, 2921, 3115, 3341, 3549, 3825]",,"{'Model_1': 0.32614244670872544, 'Model_2': 0.030828803761023902, 'Model_3': 0.003917787995941639, 'Model_4': 0.0004535644569849053, 'Model_5': 0.5763579241991856}",[],Find biggest difference in color over 3 graduations,"{'checkbox1': 'false', 'checkbox2': 'true', 'checkbox3': 'false'}",2,0,2024-04-18T08:04:05.320Z,2024-04-18T08:07:48.365Z,223.045,122.311,0.0,1962.5,0.9377005271218615,0.346871727908207,0.9377005271218615,0.5763579241991856,0.13675213675213674,heatmap,oranges,40px
f290166a8624824519b4099f55638d1a3c548f81, myStudy1 ,Setting_1,"{'x0': 2, 'x1': 3.4, 'x2': 5.7, 'x3': 8, 'x4': 9, 'x5': 11.4, 'x6': 11.9, 'x7': 11.2, 'x8': 6.3, 'x9': 7}",2024-04-15T11:24:15.695Z,"[{'sliderConfig': {'x0': 2, 'x1': 4, 'x2': 5.7, 'x3': 8, 'x4': 9, 'x5': 11.4, 'x6': 11.9, 'x7': 11.2, 'x8': 6.3, 'x9': 7}, 'generDist': [], 'predictions': {'Model_1': 0.3695821735325526, 'Model_2': 0.034934969110547616, 'Model_3': 0.004439607961465376, 'Model_4': 0.000513975839518066, 'Model_5': 0}, 'historyTime': '2024-04-15T11:21:44.438Z', 'currentTaskHistory': 3}, {'sliderConfig': {'x0': 2, 'x1': 0, 'x2': 5.7, 'x3': 8, 'x4': 9, 'x5': 11.4, 'x6': 11.9, 'x7': 11.2, 'x8': 6.3, 'x9': 7}, 'generDist': [], 'predictions': {'Model_1': 0.10824811242202129, 'Model_2': 0.010232215551936825, 'Model_3': 0.0013003310661034236, 'Model_4': 0.00015054003802879285, 'Model_5': 0.6666666666666666}, 'historyTime': '2024-04-15T11:21:55.187Z', 'currentTaskHistory': 3}, {'sliderConfig': {'x0': 2, 'x1': 4, 'x2': 5.7, 'x3': 8, 'x4': 9, 'x5': 11.4, 'x6': 11.9, 'x7': 11.2, 'x8': 6.3, 'x9': 7}, 'generDist': [], 'predictions': {'Model_1': 0.10824811242202129, 'Model_2': 0.010232215551936825, 'Model_3': 0.0013003310661034236, 'Model_4': 0.00015054003802879285, 'Model_5': 0.6666666666666666}, 'historyTime': '2024-04-15T11:21:57.254Z', 'currentTaskHistory': 3}, {'sliderConfig': {'x0': 2, 'x1': 4, 'x2': 5.7, 'x3': 8, 'x4': 9, 'x5': 11.4, 'x6': 11.9, 'x7': 11.2, 'x8': 0, 'x9': 7}, 'generDist': [], 'predictions': {'Model_1': 0.7029155068658861, 'Model_2': 0.20160163577721432, 'Model_3': 0.11555071907257654, 'Model_4': 0.08384730917285141, 'Model_5': 0.06666666666666667}, 'historyTime': '2024-04-15T11:22:09.196Z', 'currentTaskHistory': 3}, {'sliderConfig': {'x0': 2, 'x1': 4, 'x2': 5.7, 'x3': 8, 'x4': 9, 'x5': 11.4, 'x6': 11.9, 'x7': 11.2, 'x8': 6.3, 'x9': 7}, 'generDist': [], 'predictions': {'Model_1': 0.7029155068658861, 'Model_2': 0.20160163577721432, 'Model_3': 0.11555071907257654, 'Model_4': 0.08384730917285141, 'Model_5': 0.06666666666666667}, 'historyTime': '2024-04-15T11:22:09.674Z', 'currentTaskHistory': 3}, {'sliderConfig': {'x0': 2, 'x1': 4, 'x2': 5.7, 'x3': 8, 'x4': 9, 'x5': 11.4, 'x6': 11.9, 'x7': 11.2, 'x8': 3.6, 'x9': 7}, 'generDist': [], 'predictions': {'Model_1': 0.5124393163896955, 'Model_2': 0.10636354053911908, 'Model_3': 0.052058655580513015, 'Model_4': 0.036228261553803785, 'Model_5': 0.02857142857142857}, 'historyTime': '2024-04-15T11:22:16.707Z', 'currentTaskHistory': 3}, {'sliderConfig': {'x0': 2, 'x1': 4, 'x2': 5.7, 'x3': 8, 'x4': 9, 'x5': 11.4, 'x6': 11.9, 'x7': 11.2, 'x8': 6.3, 'x9': 7}, 'generDist': [], 'predictions': {'Model_1': 0.3695821735325526, 'Model_2': 0.034934969110547616, 'Model_3': 0.004439607961465376, 'Model_4': 0.000513975839518066, 'Model_5': 0}, 'historyTime': '2024-04-15T11:22:25.075Z', 'currentTaskHistory': 3}, {'sliderConfig': {'x0': 2, 'x1': 3.2, 'x2': 5.7, 'x3': 8, 'x4': 9, 'x5': 11.4, 'x6': 11.9, 'x7': 11.2, 'x8': 6.3, 'x9': 7}, 'generDist': [], 'predictions': {'Model_1': 0.31176678392758195, 'Model_2': 0.02946993590654211, 'Model_3': 0.0037451002650251888, 'Model_4': 0.00043357230401945383, 'Model_5': 0.6666666666666666}, 'historyTime': '2024-04-15T11:22:29.513Z', 'currentTaskHistory': 3}, {'sliderConfig': {'x0': 2, 'x1': 4, 'x2': 5.7, 'x3': 8, 'x4': 9, 'x5': 11.4, 'x6': 11.9, 'x7': 11.2, 'x8': 6.3, 'x9': 7}, 'generDist': [], 'predictions': {'Model_1': 0.31176678392758195, 'Model_2': 0.02946993590654211, 'Model_3': 0.0037451002650251888, 'Model_4': 0.00043357230401945383, 'Model_5': 0.6666666666666666}, 'historyTime': '2024-04-15T11:22:30.950Z', 'currentTaskHistory': 3}, {'sliderConfig': {'x0': 2, 'x1': 3.2, 'x2': 5.7, 'x3': 8, 'x4': 9, 'x5': 11.4, 'x6': 11.9, 'x7': 11.2, 'x8': 6.3, 'x9': 7}, 'generDist': [], 'predictions': {'Model_1': 0.31176678392758195, 'Model_2': 0.02946993590654211, 'Model_3': 0.0037451002650251888, 'Model_4': 0.00043357230401945383, 'Model_5': 0.6666666666666666}, 'historyTime': '2024-04-15T11:22:41.523Z', 'currentTaskHistory': 3}, {'sliderConfig': {'x0': 2, 'x1': 4, 'x2': 5.7, 'x3': 8, 'x4': 9, 'x5': 11.4, 'x6': 11.9, 'x7': 11.2, 'x8': 6.3, 'x9': 7}, 'generDist': [], 'predictions': {'Model_1': 0.31176678392758195, 'Model_2': 0.02946993590654211, 'Model_3': 0.0037451002650251888, 'Model_4': 0.00043357230401945383, 'Model_5': 0.6666666666666666}, 'historyTime': '2024-04-15T11:22:45.266Z', 'currentTaskHistory': 3}, {'sliderConfig': {'x0': 2, 'x1': 3.4, 'x2': 5.7, 'x3': 8, 'x4': 9, 'x5': 11.4, 'x6': 11.9, 'x7': 11.2, 'x8': 6.3, 'x9': 7}, 'generDist': [], 'predictions': {'Model_1': 0.32614244670872544, 'Model_2': 0.030828803761023902, 'Model_3': 0.003917787995941639, 'Model_4': 0.0004535644569849053, 'Model_5': 0.5763579241991856}, 'historyTime': '2024-04-15T11:23:12.852Z', 'currentTaskHistory': 3}]","[671, 713, 753, 807, 862, 949, 1017, 1110, 1191, 1296, 1687, 1734, 1797, 1845, 1909, 1999, 2080, 2174, 2276, 2399, 1761, 1881, 2015, 2184, 2389, 2760, 2870, 2940, 3014, 3085, 817, 930, 1041, 1186, 1350, 1598, 1797, 2014, 2297, 2582, 1982, 2178, 2268, 2343, 2419, 2498, 2586, 2658, 2726, 2786, 1838, 1925, 2031, 2159, 2324, 2587, 2785, 2870, 2964, 3054, 1670, 1775, 1905, 2058, 2242, 2430, 2654, 2916, 3185, 3507, 1803, 1870, 1927, 1977, 2048, 2125, 2207, 2372, 2487, 2581, 2102, 2154, 2195, 2269, 2301, 2328, 2354, 2385, 2411, 2452, 996, 1027, 1065, 1116, 1169, 1231, 1319, 1403, 1493, 1597, 2083, 2121, 2178, 2260, 2310, 2380, 2448, 2538, 2627, 2741, 481, 579, 711, 851, 1031, 1203, 1283, 1366, 1459, 1555, 1773, 1885, 1943, 2005, 2061, 2139, 2214, 2308, 2397, 2504, 2098, 2251, 2480, 2692, 2911, 2995, 3085, 3195, 3327, 3447]",,"{'Model_1': 0.32614244670872544, 'Model_2': 0.030828803761023902, 'Model_3': 0.003917787995941639, 'Model_4': 0.0004535644569849053, 'Model_5': 0.5763579241991856}",[],slider with highest color change within 3 steps (should be 2),"{'checkbox1': 'false', 'checkbox2': 'true', 'checkbox3': 'false'}",2,10,2024-04-15T11:21:44.438Z,2024-04-15T11:24:15.695Z,151.257,27.586,77.665,2123.0,0.9377005271218615,0.40947072644408367,0.93,0.6666666666666666,0,heatmap,oranges,30px
1d13a34be0a4c6a198c467b6d49cc031fea3c7d3, myStudy1 ,Setting_1,"{'x0': 1.7, 'x1': 4, 'x2': 5.7, 'x3': 8, 'x4': 9, 'x5': 11.4, 'x6': 11.9, 'x7': 11.2, 'x8': 6.3, 'x9': 7}",2024-04-18T10:03:50.028Z,"[{'sliderConfig': {'x0': 2, 'x1': 4, 'x2': 5.7, 'x3': 8, 'x4': 9, 'x5': 11.4, 'x6': 11.9, 'x7': 11.2, 'x8': 6.3, 'x9': 7}, 'generDist': [], 'predictions': {'Model_1': 0.15470776787967905, 'Model_2': 0.12906674223865341, 'Model_3': 0.02982196072686566, 'Model_4': 0.012820512820512824, 'Model_5': 0.14358974358974355}, 'historyTime': '2024-04-18T10:01:27.548Z', 'currentTaskHistory': 3}, {'sliderConfig': {'x0': 1.6, 'x1': 4, 'x2': 5.7, 'x3': 8, 'x4': 9, 'x5': 11.4, 'x6': 11.9, 'x7': 11.2, 'x8': 6.3, 'x9': 7}, 'generDist': [], 'predictions': {'Model_1': 0.31176678392758195, 'Model_2': 0.02946993590654211, 'Model_3': 0.0037451002650251888, 'Model_4': 0.00043357230401945383, 'Model_5': 0.6666666666666666}, 'historyTime': '2024-04-18T10:01:56.613Z', 'currentTaskHistory': 3}, {'sliderConfig': {'x0': 2, 'x1': 4, 'x2': 5.7, 'x3': 8, 'x4': 9, 'x5': 11.4, 'x6': 11.9, 'x7': 11.2, 'x8': 6.3, 'x9': 7}, 'generDist': [], 'predictions': {'Model_1': 0.31176678392758195, 'Model_2': 0.02946993590654211, 'Model_3': 0.0037451002650251888, 'Model_4': 0.00043357230401945383, 'Model_5': 0.6666666666666666}, 'historyTime': '2024-04-18T10:02:00.524Z', 'currentTaskHistory': 3}, {'sliderConfig': {'x0': 1.7, 'x1': 4, 'x2': 5.7, 'x3': 8, 'x4': 9, 'x5': 11.4, 'x6': 11.9, 'x7': 11.2, 'x8': 6.3, 'x9': 7}, 'generDist': [], 'predictions': {'Model_1': 0.32614244670872544, 'Model_2': 0.030828803761023902, 'Model_3': 0.003917787995941639, 'Model_4': 0.0004535644569849053, 'Model_5': 0.5763579241991856}, 'historyTime': '2024-04-18T10:02:09.201Z', 'currentTaskHistory': 3}, {'sliderConfig': {'x0': 1.7, 'x1': 4, 'x2': 5.7, 'x3': 8, 'x4': 9, 'x5': 11.4, 'x6': 14, 'x7': 11.2, 'x8': 6.3, 'x9': 7}, 'generDist': [], 'predictions': {'Model_1': 0.38234061199174074, 'Model_2': 0.013781276697603916, 'Model_3': 0.003917787995941639, 'Model_4': 0.0004535644569849053, 'Model_5': 0.5763579241991856}, 'historyTime': '2024-04-18T10:02:24.954Z', 'currentTaskHistory': 3}, {'sliderConfig': {'x0': 2, 'x1': 4, 'x2': 5.7, 'x3': 8, 'x4': 9, 'x5': 11.4, 'x6': 11.9, 'x7': 11.2, 'x8': 6.3, 'x9': 7}, 'generDist': [], 'predictions': {'Model_1': 0.38234061199174074, 'Model_2': 0.013781276697603916, 'Model_3': 0.003917787995941639, 'Model_4': 0.0004535644569849053, 'Model_5': 0.5763579241991856}, 'historyTime': '2024-04-18T10:02:26.785Z', 'currentTaskHistory': 3}, {'sliderConfig': {'x0': 1.9, 'x1': 4, 'x2': 5.7, 'x3': 8, 'x4': 9, 'x5': 11.4, 'x6': 11.9, 'x7': 11.2, 'x8': 6.3, 'x9': 7}, 'generDist': [], 'predictions': {'Model_1': 0.35507244549182854, 'Model_2': 0.033563428659718765, 'Model_3': 0.00426530977085575, 'Model_4': 0.0004937972427539742, 'Model_5': 0.11185696278103922}, 'historyTime': '2024-04-18T10:02:35.493Z', 'currentTaskHistory': 3}, {'sliderConfig': {'x0': 1.8, 'x1': 4, 'x2': 5.7, 'x3': 8, 'x4': 9, 'x5': 11.4, 'x6': 11.9, 'x7': 11.2, 'x8': 6.3, 'x9': 7}, 'generDist': [], 'predictions': {'Model_1': 0.3405850904000571, 'Model_2': 0.03219400302485386, 'Model_3': 0.004091280335422661, 'Model_4': 0.0004736497599235186, 'Model_5': 0.3500000000000009}, 'historyTime': '2024-04-18T10:02:40.572Z', 'currentTaskHistory': 3}, {'sliderConfig': {'x0': 1.7, 'x1': 4, 'x2': 5.7, 'x3': 8, 'x4': 9, 'x5': 11.4, 'x6': 11.9, 'x7': 11.2, 'x8': 6.3, 'x9': 7}, 'generDist': [], 'predictions': {'Model_1': 0.32614244670872544, 'Model_2': 0.030828803761023902, 'Model_3': 0.003917787995941639, 'Model_4': 0.0004535644569849053, 'Model_5': 0.5763579241991856}, 'historyTime': '2024-04-18T10:02:44.068Z', 'currentTaskHistory': 3}]","[930, 941, 956, 970, 985, 1000, 1017, 1031, 1047, 1063, 2710, 2725, 2741, 2755, 2773, 2787, 2807, 2822, 2837, 2853, 543, 556, 570, 587, 598, 615, 628, 643, 658, 673, 2899, 2913, 2922, 2938, 2953, 2965, 2980, 2996, 3013, 3034, 2926, 2999, 3007, 3029, 3044, 3058, 3081, 3103, 3125, 3142, 1252, 1263, 1276, 1288, 1302, 1316, 1337, 1361, 1382, 1397, 2837, 2860, 2873, 2885, 2900, 2914, 2928, 2947, 2962, 2978, 2523, 2535, 2549, 2561, 2574, 2590, 2615, 2638, 2657, 2673, 2926, 2940, 2954, 2966, 2981, 2997, 3015, 3032, 3054, 3079]",,"{'Model_1': 0.32614244670872544, 'Model_2': 0.030828803761023902, 'Model_3': 0.003917787995941639, 'Model_4': 0.0004535644569849053, 'Model_5': 0.5763579241991856}",[],find setting which produces highest increase,"{'checkbox1': 'false', 'checkbox2': 'false', 'checkbox3': 'true'}",1,7,2024-04-18T10:01:27.548Z,2024-04-18T10:03:50.028Z,142.48,29.065,47.455,2780.0,0.9377005271218615,0.47000672725545445,0.93,0.6666666666666666,0.11185696278103922,line_chart,mokole,20px
c1253eb2c0216bbaee4d77027b96061afaed5714, myStudy1 ,Setting_1,"{'x0': 1.7, 'x1': 4, 'x2': 5.7, 'x3': 8, 'x4': 9, 'x5': 11.4, 'x6': 11.9, 'x7': 11.2, 'x8': 6.3, 'x9': 7}",2024-04-30T07:58:20.379Z,"[{'sliderConfig': {'x0': 2, 'x1': 4, 'x2': 5.7, 'x3': 8, 'x4': 9, 'x5': 11.4, 'x6': 11.9, 'x7': 11.2, 'x8': 6.3, 'x9': 7}, 'generDist': [], 'predictions': {'Model_1': 0.08873538736782881, 'Model_2': 0.06309436172680316, 'Model_3': 0.056556611879476346, 'Model_4': 0.0551348500455284, 'Model_5': 0.14358974358974355}, 'historyTime': '2024-04-30T07:56:14.555Z', 'currentTaskHistory': 3}, {'sliderConfig': {'x0': 1.7, 'x1': 4, 'x2': 5.7, 'x3': 8, 'x4': 9, 'x5': 11.4, 'x6': 11.9, 'x7': 11.2, 'x8': 6.3, 'x9': 7}, 'generDist': [], 'predictions': {'Model_1': 0.32614244670872544, 'Model_2': 0.030828803761023902, 'Model_3': 0.003917787995941639, 'Model_4': 0.0004535644569849053, 'Model_5': 0.5763579241991856}, 'historyTime': '2024-04-30T07:57:20.479Z', 'currentTaskHistory': 3}, {'sliderConfig': {'x0': 2, 'x1': 4, 'x2': 5.7, 'x3': 8, 'x4': 9, 'x5': 11.4, 'x6': 11.9, 'x7': 11.2, 'x8': 6.3, 'x9': 7}, 'generDist': [], 'predictions': {'Model_1': 0.3695821735325526, 'Model_2': 0.034934969110547616, 'Model_3': 0.004439607961465376, 'Model_4': 0.000513975839518066, 'Model_5': 0}, 'historyTime': '2024-04-30T07:57:34.515Z', 'currentTaskHistory': 3}, {'sliderConfig': {'x0': 1.7, 'x1': 4, 'x2': 5.7, 'x3': 8, 'x4': 9, 'x5': 11.4, 'x6': 11.9, 'x7': 11.2, 'x8': 6.3, 'x9': 7}, 'generDist': [], 'predictions': {'Model_1': 0.32614244670872544, 'Model_2': 0.030828803761023902, 'Model_3': 0.003917787995941639, 'Model_4': 0.0004535644569849053, 'Model_5': 0.5763579241991856}, 'historyTime': '2024-04-30T07:57:43.698Z', 'currentTaskHistory': 3}]","[708, 719, 731, 746, 758, 774, 791, 807, 823, 839, 1707, 1731, 1749, 1762, 1775, 1791, 1809, 1826, 1854, 1871, 1775, 1788, 1805, 1833, 1848, 1863, 1879, 1900, 1917, 1935, 1483, 1505, 1523, 1547, 1568, 1591, 1606, 1625, 1641, 1659, 1540, 1553, 1568, 1581, 1601, 1617, 1634, 1652, 1670, 1690]",,"{'Model_1': 0.32614244670872544, 'Model_2': 0.030828803761023902, 'Model_3': 0.003917787995941639, 'Model_4': 0.0004535644569849053, 'Model_5': 0.5763579241991856}",[],visually determine which setting reflects the highest change within 3 steps,"{'checkbox1': 'true', 'checkbox2': 'false', 'checkbox3': 'false'}",1,1,2024-04-30T07:56:14.555Z,2024-04-30T07:58:20.379Z,125.824,65.924,23.219,1637.5,0.9377005271218615,0.4071109546093803,0.9377005271218615,0.5763579241991856,0,line_chart,mokole,20px
bded5669317e6c8699d7a7ab573d2a70fd61212c, myStudy1 ,Setting_10,"{'x0': 2, 'x1': 4, 'x2': 5.7, 'x3': 8, 'x4': 9, 'x5': 11.4, 'x6': 11.9, 'x7': 11.2, 'x8': 6.3, 'x9': 7}",2024-05-13T14:33:52.431Z,"[{'sliderConfig': {'x0': 2, 'x1': 4, 'x2': 5.7, 'x3': 8, 'x4': 9, 'x5': 11.4, 'x6': 11.9, 'x7': 11.2, 'x8': 6.3, 'x9': 7}, 'generDist': [], 'predictions': {'Model_1': 0.10259620812050727, 'Model_2': 0.06808513542541748, 'Model_3': 0.09111142417132305, 'Model_4': 0.07405839693712532, 'Model_5': 0.010256410256410256}, 'historyTime': '2024-05-13T14:30:26.693Z', 'currentTaskHistory': 3}, {'sliderConfig': {'x0': 2, 'x1': 4, 'x2': 6, 'x3': 8, 'x4': 9, 'x5': 11.4, 'x6': 11.9, 'x7': 11.2, 'x8': 6.3, 'x9': 7}, 'generDist': [], 'predictions': {'Model_1': 0.3846848290462157, 'Model_2': 0.03636255637433265, 'Model_3': 0.004621028696715805, 'Model_4': 0, 'Model_5': 0}, 'historyTime': '2024-05-13T14:31:07.005Z', 'currentTaskHistory': 3}, {'sliderConfig': {'x0': 2, 'x1': 4, 'x2': 5.7, 'x3': 8, 'x4': 9, 'x5': 11.4, 'x6': 11.9, 'x7': 11.2, 'x8': 6.3, 'x9': 7}, 'generDist': [], 'predictions': {'Model_1': 0.3695821735325526, 'Model_2': 0.034934969110547616, 'Model_3': 0.004439607961465376, 'Model_4': 0.000513975839518066, 'Model_5': 0}, 'historyTime': '2024-05-13T14:31:50.116Z', 'currentTaskHistory': 3}]","[671, 681, 697, 711, 727, 748, 764, 783, 807, 832, 1976, 1988, 2005, 2023, 2044, 2069, 2084, 2102, 2118, 2137, 1920, 1937, 1951, 1965, 1981, 1996, 2013, 2034, 2052, 2072, 1924, 1936, 1953, 1966, 1983, 2001, 2017, 2036, 2053, 2072, 2715, 2727, 2744, 2757, 2776, 2792, 2810, 2827, 2845, 2867]",,"{'Model_1': 0.3695821735325526, 'Model_2': 0.034934969110547616, 'Model_3': 0.004439607961465376, 'Model_4': 0.000513975839518066, 'Model_5': 0}",[],"The change of the Maintenance cost seems to be more, while changing the setting 10 to the right side.","{'checkbox1': 'true', 'checkbox2': 'false', 'checkbox3': 'false'}",1,1,2024-05-13T14:30:26.693Z,2024-05-13T14:33:52.431Z,205.738,43.111,43.111,2009.0,0.40947072644408367,0.3461075749107834,0.4256684141172642,0.010256410256410256,0,line_chart,mokole,20px
54fd3c117bae223ef867bad4b2786aa0e1cee2a1, myStudy1 ,,"{'x0': 2, 'x1': 4, 'x2': 5.7, 'x3': 8, 'x4': 9, 'x5': 11.4, 'x6': 11.9, 'x7': 11.2, 'x8': 6.3, 'x9': 7}",2024-05-13T12:44:30.311Z,[],"[748, 761, 776, 791, 807, 822, 838, 857, 876, 895, 1752, 1773, 1787, 1804, 1819, 1835, 1850, 1870, 1896, 1920, 11880, 11897, 11913, 11928, 11947, 11963, 11979, 11999, 12019, 12036]",,"{'Model_3': 0.004439607961465376, 'Model_4': 0.000513975839518066, 'Model_2': 0.034934969110547616, 'Model_1': 0.3695821735325526, 'Model_5': 0}",[],Select the most sensitive curven,"{'checkbox1': 'true', 'checkbox2': 'false', 'checkbox3': 'false'}",1,0,0,0,0.0,0.0,0.0,0.0,0.40947072644408367,nan,0.93,nan,nan,line_chart,mokole,30px
3db275b3303e86cb000f5e41d3cece6117133693, myStudy1 ,Setting_2,"{'x0': 2, 'x1': 3.4, 'x2': 5.7, 'x3': 8, 'x4': 9, 'x5': 11.4, 'x6': 11.9, 'x7': 11.2, 'x8': 6.3, 'x9': 7}",2024-05-13T16:50:09.821Z,"[{'sliderConfig': {'x0': 2, 'x1': 4, 'x2': 5.7, 'x3': 8, 'x4': 9, 'x5': 11.4, 'x6': 11.9, 'x7': 11.2, 'x8': 6.3, 'x9': 7}, 'generDist': [], 'predictions': {'Model_1': 0.05435813567552371, 'Model_2': 0.05818337461267116, 'Model_3': 0.017820368286964365, 'Model_4': 0.11749724054419099, 'Model_5': 0.27692307692307694}, 'historyTime': '2024-05-13T16:46:17.208Z', 'currentTaskHistory': 3}, {'sliderConfig': {'x0': 2, 'x1': 3.4, 'x2': 5.7, 'x3': 8, 'x4': 9, 'x5': 11.4, 'x6': 11.9, 'x7': 11.2, 'x8': 6.3, 'x9': 7}, 'generDist': [], 'predictions': {'Model_1': 0.32614244670872544, 'Model_2': 0.030828803761023902, 'Model_3': 0.003917787995941639, 'Model_4': 0.0004535644569849053, 'Model_5': 0.5763579241991856}, 'historyTime': '2024-05-13T16:48:36.087Z', 'currentTaskHistory': 3}]","[872, 958, 1070, 1222, 1381, 1604, 1795, 2037, 2286, 2580, 1866, 1955, 2067, 2195, 2349, 2552, 2751, 2985, 3240, 3509]",,"{'Model_1': 0.32614244670872544, 'Model_2': 0.030828803761023902, 'Model_3': 0.003917787995941639, 'Model_4': 0.0004535644569849053, 'Model_5': 0.5763579241991856}",[],"checking  which light point could get red, only  sliders were tp beconsidere, I picked a random one","{'checkbox1': 'false', 'checkbox2': 'false', 'checkbox3': 'true'}",3,0,2024-05-13T16:46:17.208Z,2024-05-13T16:50:09.821Z,232.613,138.879,0.0,2052.0,0.9377005271218615,0.5247821960424272,0.9377005271218615,0.5763579241991856,0.27692307692307694,heatmap,oranges,40px
ab317b1563521b8e5ab1ab402fc158c53b51f91e, myStudy1 ,Setting_2,"{'x0': 2, 'x1': 3.4, 'x2': 5.7, 'x3': 8, 'x4': 9, 'x5': 11.4, 'x6': 11.9, 'x7': 11.2, 'x8': 6.3, 'x9': 7}",2024-04-30T09:26:55.768Z,"[{'sliderConfig': {'x0': 2, 'x1': 4, 'x2': 5.7, 'x3': 8, 'x4': 9, 'x5': 11.4, 'x6': 11.9, 'x7': 11.2, 'x8': 6.3, 'x9': 7}, 'generDist': [], 'predictions': {'Model_1': 0.3695821735325526, 'Model_2': 0.034934969110547616, 'Model_3': 0.004439607961465376, 'Model_4': 0.000513975839518066, 'Model_5': 0}, 'historyTime': '2024-04-30T09:24:45.724Z', 'currentTaskHistory': 3}, {'sliderConfig': {'x0': 2, 'x1': 4, 'x2': 5.7, 'x3': 8, 'x4': 9, 'x5': 11.4, 'x6': 11.9, 'x7': 11.2, 'x8': 6.3, 'x9': 0}, 'generDist': [], 'predictions': {'Model_1': 0.7029155068658861, 'Model_2': 0.20160163577721432, 'Model_3': 0.11555071907257654, 'Model_4': 0.08384730917285141, 'Model_5': 0.06666666666666667}, 'historyTime': '2024-04-30T09:25:04.652Z', 'currentTaskHistory': 3}, {'sliderConfig': {'x0': 2, 'x1': 4, 'x2': 5.7, 'x3': 8, 'x4': 9, 'x5': 11.4, 'x6': 11.9, 'x7': 11.2, 'x8': 6.3, 'x9': 7}, 'generDist': [], 'predictions': {'Model_1': 0.7029155068658861, 'Model_2': 0.20160163577721432, 'Model_3': 0.11555071907257654, 'Model_4': 0.08384730917285141, 'Model_5': 0.06666666666666667}, 'historyTime': '2024-04-30T09:25:14.695Z', 'currentTaskHistory': 3}, {'sliderConfig': {'x0': 2, 'x1': 4, 'x2': 5.7, 'x3': 8, 'x4': 9, 'x5': 11.4, 'x6': 11.9, 'x7': 11.2, 'x8': 6.3, 'x9': 4}, 'generDist': [], 'predictions': {'Model_1': 0.5124393163896955, 'Model_2': 0.10636354053911908, 'Model_3': 0.052058655580513015, 'Model_4': 0.036228261553803785, 'Model_5': 0.02857142857142857}, 'historyTime': '2024-04-30T09:25:23.682Z', 'currentTaskHistory': 3}, {'sliderConfig': {'x0': 2, 'x1': 4, 'x2': 5.7, 'x3': 8, 'x4': 9, 'x5': 11.4, 'x6': 11.9, 'x7': 11.2, 'x8': 6.3, 'x9': 7}, 'generDist': [], 'predictions': {'Model_1': 0.3695821735325526, 'Model_2': 0.034934969110547616, 'Model_3': 0.004439607961465376, 'Model_4': 0.000513975839518066, 'Model_5': 0}, 'historyTime': '2024-04-30T09:25:29.189Z', 'currentTaskHistory': 3}, {'sliderConfig': {'x0': 2, 'x1': 3.4, 'x2': 5.7, 'x3': 8, 'x4': 9, 'x5': 11.4, 'x6': 11.9, 'x7': 11.2, 'x8': 6.3, 'x9': 7}, 'generDist': [], 'predictions': {'Model_1': 0.32614244670872544, 'Model_2': 0.030828803761023902, 'Model_3': 0.003917787995941639, 'Model_4': 0.0004535644569849053, 'Model_5': 0.5763579241991856}, 'historyTime': '2024-04-30T09:25:53.465Z', 'currentTaskHistory': 3}]","[676, 690, 705, 718, 734, 752, 769, 785, 803, 826, 1512, 1523, 1539, 1555, 1571, 1585, 1602, 1618, 1640, 1659, 1635, 1651, 1663, 1683, 1699, 1714, 1732, 1747, 1766, 1790, 453, 466, 478, 498, 519, 542, 563, 580, 604, 624, 1712, 1725, 1739, 1752, 1778, 1799, 1822, 1839, 1859, 1879, 2179, 2193, 2209, 2221, 2237, 2252, 2272, 2290, 2307, 2327, 2337, 2350, 2363, 2376, 2395, 2410, 2426, 2442, 2461, 2481]",,"{'Model_1': 0.32614244670872544, 'Model_2': 0.030828803761023902, 'Model_3': 0.003917787995941639, 'Model_4': 0.0004535644569849053, 'Model_5': 0.5763579241991856}",[],Checking quickly highest changes and magnitude around default start settings.,"{'checkbox1': 'false', 'checkbox2': 'true', 'checkbox3': 'false'}",2,4,2024-04-30T09:24:45.724Z,2024-04-30T09:26:55.768Z,130.044,24.276,48.813,1705.5,0.9377005271218615,0.40947072644408367,0.93,0.5763579241991856,0,line_chart,mokole,40px
185883b49c797f1a858b4222156f2475dd75638b, myStudy1 ,Setting_2,"{'x0': 2, 'x1': 4, 'x2': 5.7, 'x3': 8, 'x4': 9, 'x5': 11.4, 'x6': 11.9, 'x7': 11.2, 'x8': 6.3, 'x9': 7}",2024-04-17T11:45:50.600Z,"[{'sliderConfig': {'x0': 2, 'x1': 4, 'x2': 5.7, 'x3': 8, 'x4': 9, 'x5': 11.4, 'x6': 11.9, 'x7': 11.2, 'x8': 6.3, 'x9': 7}, 'generDist': [], 'predictions': {'Model_1': 0.2380952380952382, 'Model_4': 0.059523809523809534, 'Model_5': 0.4724455869509532, 'Model_2': 0.2621696651271224, 'Model_3': 0.0793650793650794}, 'historyTime': '2024-04-17T11:43:30.259Z', 'currentTaskHistory': 3}, {'sliderConfig': {'x0': 2, 'x1': 3.2, 'x2': 5.7, 'x3': 8, 'x4': 9, 'x5': 11.4, 'x6': 11.9, 'x7': 11.2, 'x8': 6.3, 'x9': 7}, 'generDist': [], 'predictions': {'Model_1': 0.31176678392758195, 'Model_4': 0.00043357230401945383, 'Model_5': 0.6666666666666666, 'Model_2': 0.02946993590654211, 'Model_3': 0.0037451002650251888}, 'historyTime': '2024-04-17T11:44:54.038Z', 'currentTaskHistory': 3}, {'sliderConfig': {'x0': 2, 'x1': 4, 'x2': 5.7, 'x3': 8, 'x4': 9, 'x5': 11.4, 'x6': 11.9, 'x7': 11.2, 'x8': 6.3, 'x9': 7}, 'generDist': [], 'predictions': {'Model_1': 0.31176678392758195, 'Model_4': 0.00043357230401945383, 'Model_5': 0.6666666666666666, 'Model_2': 0.02946993590654211, 'Model_3': 0.0037451002650251888}, 'historyTime': '2024-04-17T11:44:55.054Z', 'currentTaskHistory': 3}]","[628, 647, 669, 698, 725, 765, 808, 854, 899, 959, 2396, 2476, 2501, 2524, 2556, 2597, 2638, 2684, 2737, 2784, 1717, 1736, 1759, 1785, 1826, 1859, 1897, 1947, 1991, 2052]",,"{'Model_1': 0.31176678392758195, 'Model_4': 0.00043357230401945383, 'Model_5': 0.6666666666666666, 'Model_2': 0.02946993590654211, 'Model_3': 0.0037451002650251888}",[],Checking overall brightness of the colors when moving +/- 3 steps in either direction for either setting,"{'checkbox1': 'true', 'checkbox2': 'false', 'checkbox3': 'false'}",1,1,2024-04-17T11:43:30.259Z,2024-04-17T11:45:50.600Z,140.341,83.779,1.016,1842.5,1.0120820590698354,1.0120820590698354,0.93,0.6666666666666666,0.4724455869509532,heatmap,oranges,20px
967942629960e0f616094e91f42348ff862bef3c, myStudy1 ,Setting_7,"{'x0': 2, 'x1': 4, 'x2': 5.7, 'x3': 8, 'x4': 9, 'x5': 11.4, 'x6': 11.9, 'x7': 11.2, 'x8': 6.3, 'x9': 7}",2024-04-22T06:57:25.684Z,"[{'sliderConfig': {'x0': 2, 'x1': 4, 'x2': 5.7, 'x3': 8, 'x4': 9, 'x5': 11.4, 'x6': 11.9, 'x7': 11.2, 'x8': 6.3, 'x9': 7}, 'generDist': [], 'predictions': {'Model_1': 0.3695821735325526, 'Model_2': 0.034934969110547616, 'Model_3': 0.004439607961465376, 'Model_4': 0.000513975839518066, 'Model_5': 0}, 'historyTime': '2024-04-22T06:56:36.556Z', 'currentTaskHistory': 3}]","[757, 776, 796, 820, 844, 866, 889, 914, 943, 971, 2374, 2432, 2484, 2548, 2607, 2670, 2732, 2805, 2861, 2932, 1913, 1981, 2035, 2108, 2168, 2233, 2299, 2359, 2429, 2497]",,"{'Model_1': 0.3695821735325526, 'Model_2': 0.034934969110547616, 'Model_3': 0.004439607961465376, 'Model_4': 0.000513975839518066, 'Model_5': 0}",[],"Find the highest trend slope between all the settings, possibly common for all the variables","{'checkbox1': 'true', 'checkbox2': 'false', 'checkbox3': 'false'}",1,1,2024-04-22T06:56:36.556Z,2024-04-22T06:57:25.684Z,49.128,0.0,0.0,2200.5,0.40947072644408367,0.40947072644408367,0.40947072644408367,0,0,line_chart,mokole,30px
ac6e0a105dca15c3e0845aaa064f1e4e7a4a7753, myStudy1 ,Setting_1,"{'x0': 2, 'x1': 4, 'x2': 5.7, 'x3': 8, 'x4': 9, 'x5': 11.4, 'x6': 11.9, 'x7': 11.2, 'x8': 6.3, 'x9': 7}",2024-04-26T14:14:14.525Z,"[{'sliderConfig': {'x0': 2, 'x1': 4, 'x2': 5.7, 'x3': 8, 'x4': 9, 'x5': 11.4, 'x6': 11.9, 'x7': 11.2, 'x8': 6.3, 'x9': 7}, 'generDist': [], 'predictions': {'Model_1': 0.04273504273504273, 'Model_2': 0.10394681829744964, 'Model_3': 0.07068602624083502, 'Model_4': 0.06941915552511677, 'Model_5': 0.14188034188034185}, 'historyTime': '2024-04-26T14:11:01.264Z', 'currentTaskHistory': 3}]","[695, 793, 904, 1030, 1174, 1336, 1512, 1704, 1909, 2142]",,"{'Model_1': 0.04273504273504273, 'Model_2': 0.10394681829744964, 'Model_3': 0.07068602624083502, 'Model_4': 0.06941915552511677, 'Model_5': 0.14188034188034185}",[],"highest gradient in electricity for setting 1 and 2. Then not much difference, setting 1 might maybe lead to higher cost","{'checkbox1': 'false', 'checkbox2': 'true', 'checkbox3': 'false'}",2,1,2024-04-26T14:11:01.264Z,2024-04-26T14:14:14.525Z,193.261,0.0,0.0,1255.0,0.42866738467878596,0.42866738467878596,0.42866738467878596,0.14188034188034185,0.14188034188034185,heatmap,oranges,40px
fb8e7c02d94684231aa51c8c94bb5641ca8803ca, myStudy1 ,Setting_1,"{'x0': 2, 'x1': 4, 'x2': 5.7, 'x3': 8, 'x4': 9, 'x5': 11.4, 'x6': 11.9, 'x7': 11.2, 'x8': 6.3, 'x9': 8}",2024-04-17T13:28:51.321Z,"[{'sliderConfig': {'x0': 2, 'x1': 4, 'x2': 5.7, 'x3': 8, 'x4': 9, 'x5': 11.4, 'x6': 11.9, 'x7': 11.2, 'x8': 6.3, 'x9': 7}, 'generDist': [], 'predictions': {'Model_1': 0.3695821735325526, 'Model_2': 0.034934969110547616, 'Model_3': 0.004439607961465376, 'Model_4': 0.000513975839518066, 'Model_5': 0}, 'historyTime': '2024-04-17T13:27:04.788Z', 'currentTaskHistory': 3}, {'sliderConfig': {'x0': 2, 'x1': 4, 'x2': 5.7, 'x3': 8, 'x4': 9, 'x5': 11.4, 'x6': 11.9, 'x7': 11.2, 'x8': 6.3, 'x9': 8}, 'generDist': [], 'predictions': {'Model_1': 0.39522319917357834, 'Model_2': 0.04775548193106045, 'Model_3': 0.012986616508473933, 'Model_4': 0.006924232249774482, 'Model_5': 0.0051282051282051325}, 'historyTime': '2024-04-17T13:27:16.343Z', 'currentTaskHistory': 3}]","[800, 830, 858, 896, 941, 981, 1034, 1089, 1152, 1222, 2174, 2203, 2232, 2262, 2298, 2350, 2394, 2463, 2516, 2588, 2321, 2340, 2364, 2393, 2430, 2476, 2519, 2579, 2633, 2706]",,"{'Model_1': 0.39522319917357834, 'Model_2': 0.04775548193106045, 'Model_3': 0.012986616508473933, 'Model_4': 0.006924232249774482, 'Model_5': 0.0051282051282051325}",[],Eyeball colors. ,"{'checkbox1': 'false', 'checkbox2': 'true', 'checkbox3': 'false'}",2,0,2024-04-17T13:27:04.788Z,2024-04-17T13:28:51.321Z,106.533,11.555,0.0,2309.5,0.46801773499109234,0.40947072644408367,0.46801773499109234,0.0051282051282051325,0,heatmap,oranges,30px
